id,lat,lon,is_utility_pole,pole_type,model_flags,model_watch,lean,crossarm,vegetation,transformer,attachments_estimate,photos_assessed,capture_sequences,photo_shown_date,latest_available_photo_date,source_photo_url,nearest_osm_pole_m
newt-00000,42.3307977,-71.24787,True,wood_utility,,,none,intact,none,False,1,6,3,2025-04,2025-04,https://www.mapillary.com/app/?pKey=1319438735793447&focus=photo,
newt-00001,42.330698,-71.2479425,True,wood_utility,,,none,intact,near,False,2,4,2,2025-04,2025-04,https://www.mapillary.com/app/?pKey=978624137785475&focus=photo,
newt-00002,42.331176,-71.2476233,True,wood_utility,,,none,intact,near,False,2,6,3,2025-04,2025-04,https://www.mapillary.com/app/?pKey=1183697996270432&focus=photo,
newt-00003,42.3299615,-71.248918,True,wood_utility,,,none,none_visible,none,False,0,4,2,2025-04,2025-04,https://www.mapillary.com/app/?pKey=674788888359372&focus=photo,
newt-00004,42.330364,-71.24814,True,concrete_or_steel_utility,,,none,intact,near,False,0,2,1,2025-04,2025-04,https://www.mapillary.com/app/?pKey=685417497233084&focus=photo,
newt-00005,42.3304415,-71.248095,True,wood_utility,,,none,intact,none,False,2,4,2,2025-04,2025-04,https://www.mapillary.com/app/?pKey=1374366040563882&focus=photo,
newt-00006,42.3253913,-71.2577167,True,wood_utility,,,none,none_visible,none,False,2,3,2,2025-03,2025-04,https://www.mapillary.com/app/?pKey=575587862309800&focus=photo,
newt-00007,42.326687,-71.250145,False,other,vegetation,,unclear,none_visible,touching,False,0,2,1,2026-07,2026-07,https://www.mapillary.com/app/?pKey=885528224639073&focus=photo,
newt-00008,42.328028,-71.247165,True,wood_utility,vegetation,lean_slight,slight,none_visible,touching,False,1,4,1,2025-08,2025-08,https://www.mapillary.com/app/?pKey=779321211283004&focus=photo,
newt-00009,42.331173,-71.257576,True,wood_utility,,,none,none_visible,near,False,2,2,1,2025-04,2025-04,https://www.mapillary.com/app/?pKey=669438889106294&focus=photo,
newt-00010,42.3318365,-71.256955,True,wood_utility,vegetation,lean_slight,slight,none_visible,touching,False,1,4,1,2025-04,2025-04,https://www.mapillary.com/app/?pKey=1056716136298650&focus=photo,
newt-00011,42.331745,-71.2570775,True,wood_utility,,,none,none_visible,near,False,2,4,1,2025-04,2025-04,https://www.mapillary.com/app/?pKey=1381078326414967&focus=photo,
newt-00012,42.33168,-71.25724,True,wood_utility,,lean_slight,slight,none_visible,near,False,1,2,1,2025-04,2025-04,https://www.mapillary.com/app/?pKey=9454938984559641&focus=photo,
newt-00013,42.33201,-71.25672,True,wood_utility,vegetation,,none,none_visible,touching,False,2,2,1,2025-04,2025-04,https://www.mapillary.com/app/?pKey=9443423219060184&focus=photo,
newt-00014,42.332054,-71.2566,True,wood_utility,,,none,none_visible,near,False,2,2,1,2025-04,2025-04,https://www.mapillary.com/app/?pKey=1040311527945053&focus=photo,
newt-00015,42.33147,-71.25734,True,wood_utility,,lean_slight,slight,none_visible,near,False,1,2,1,2025-04,2025-04,https://www.mapillary.com/app/?pKey=591888540569207&focus=photo,
newt-00016,42.33211,-71.25649,True,concrete_or_steel_utility,,,none,none_visible,near,False,1,1,1,2025-04,2025-04,https://www.mapillary.com/app/?pKey=1603264607001650&focus=photo,
newt-00017,42.3322,-71.25653,True,wood_utility,vegetation,,none,none_visible,touching,False,0,2,1,2025-04,2025-04,https://www.mapillary.com/app/?pKey=1822873908565332&focus=photo,
newt-00018,42.331924,-71.25689,True,wood_utility,,lean_slight,slight,none_visible,near,False,1,2,1,2025-04,2025-04,https://www.mapillary.com/app/?pKey=680293151215986&focus=photo,
newt-00019,42.331028,-71.25764,True,wood_utility,,,unclear,unclear,near,False,0,2,1,2025-04,2025-04,https://www.mapillary.com/app/?pKey=532001676365651&focus=photo,
newt-00020,42.33213,-71.2564,True,wood_utility,,,none,none_visible,near,False,1,2,1,2025-04,2025-04,https://www.mapillary.com/app/?pKey=2149177482183418&focus=photo,
newt-00021,42.33075,-71.25733,True,wood_utility,,,unclear,unclear,near,False,0,2,1,2025-04,2025-04,https://www.mapillary.com/app/?pKey=554018897321822&focus=photo,
newt-00022,42.3302407,-71.2579383,True,wood_utility,,,none,intact,near,False,2,3,1,2025-04,2025-04,https://www.mapillary.com/app/?pKey=3879585205597669&focus=photo,
newt-00023,42.330553,-71.2578175,True,wood_utility,,lean_slight,slight,none_visible,near,True,2,4,1,2025-04,2025-04,https://www.mapillary.com/app/?pKey=555279164256627&focus=photo,
newt-00024,42.330855,-71.257685,True,wood_utility,,lean_slight,slight,none_visible,near,False,2,4,2,2025-10,2025-10,https://www.mapillary.com/app/?pKey=1489186335666258&focus=photo,
newt-00025,42.330772,-71.25773,True,wood_utility,,,none,none_visible,near,False,1,2,1,2025-04,2025-04,https://www.mapillary.com/app/?pKey=1383502116410202&focus=photo,
newt-00026,42.330673,-71.257774,True,wood_utility,,,none,none_visible,near,False,2,2,1,2025-04,2025-04,https://www.mapillary.com/app/?pKey=2448650992157345&focus=photo,
newt-00027,42.331047,-71.257744,True,wood_utility,,,none,none_visible,near,False,1,2,1,2025-04,2025-04,https://www.mapillary.com/app/?pKey=554018897321822&focus=photo,
newt-00028,42.323124,-71.2475233,True,wood_utility,double;vegetation,,none,none_visible,touching,False,1,3,1,2025-04,2025-04,https://www.mapillary.com/app/?pKey=648266791318076&focus=photo,
newt-00029,42.323559,-71.24606,True,wood_utility,,lean_slight,slight,none_visible,near,False,0,2,1,2025-04,2025-04,https://www.mapillary.com/app/?pKey=1363300541663192&focus=photo,
newt-00030,42.3236655,-71.2459775,True,wood_utility,,lean_slight,slight,none_visible,near,False,1,2,1,2025-04,2025-04,https://www.mapillary.com/app/?pKey=1187264986264772&focus=photo,
newt-00031,42.323338,-71.24657,False,street_light,,,none,none_visible,near,False,0,2,1,2025-04,2025-04,https://www.mapillary.com/app/?pKey=1841906606605112&focus=photo,
newt-00032,42.323463,-71.24657,True,wood_utility,,,none,none_visible,near,False,1,2,1,2025-04,2025-04,https://www.mapillary.com/app/?pKey=1907147360114119&focus=photo,
newt-00033,42.32374,-71.245766,True,wood_utility,,lean_slight,slight,none_visible,near,True,0,2,1,2025-04,2025-04,https://www.mapillary.com/app/?pKey=1243968303815023&focus=photo,
newt-00034,42.32377,-71.245674,True,wood_utility,,,none,none_visible,near,False,2,2,1,2025-04,2025-04,https://www.mapillary.com/app/?pKey=3992031854346268&focus=photo,
newt-00035,42.323565,-71.24625,True,wood_utility,,,none,none_visible,near,False,0,3,1,2025-04,2025-04,https://www.mapillary.com/app/?pKey=560794733718525&focus=photo,
newt-00036,42.323923,-71.245223,True,wood_utility,,lean_slight,slight,none_visible,near,False,0,2,1,2025-04,2025-04,https://www.mapillary.com/app/?pKey=996301325601625&focus=photo,
newt-00037,42.323922,-71.24539,True,wood_utility,,,none,none_visible,none,False,2,4,1,2025-04,2025-04,https://www.mapillary.com/app/?pKey=1186380599606656&focus=photo,
newt-00038,42.323647,-71.246056,True,wood_utility,vegetation,lean_slight,slight,none_visible,touching,False,2,2,1,2025-04,2025-04,https://www.mapillary.com/app/?pKey=1363300541663192&focus=photo,
newt-00039,42.3240145,-71.24497,True,wood_utility,,,none,none_visible,near,False,1,2,1,2025-04,2025-04,https://www.mapillary.com/app/?pKey=1068431861763145&focus=photo,
newt-00040,42.323406,-71.24644,True,wood_utility,,,none,none_visible,near,False,0,2,1,2025-04,2025-04,https://www.mapillary.com/app/?pKey=1220080686182150&focus=photo,
newt-00041,42.3234316,-71.246692,True,wood_utility,vegetation,lean_slight,slight,none_visible,touching,False,1,5,1,2025-04,2025-04,https://www.mapillary.com/app/?pKey=1486538872323545&focus=photo,
newt-00042,42.323696,-71.24591,True,wood_utility,,,none,none_visible,near,False,1,2,1,2025-04,2025-04,https://www.mapillary.com/app/?pKey=677989324728811&focus=photo,
newt-00043,42.3232497,-71.2471633,True,wood_utility,vegetation,,none,none_visible,touching,False,1,3,1,2025-04,2025-04,https://www.mapillary.com/app/?pKey=698923139144168&focus=photo,
newt-00044,42.3239757,-71.2450883,True,wood_utility,vegetation,,none,none_visible,touching,False,1,3,1,2025-04,2025-04,https://www.mapillary.com/app/?pKey=1010356991196921&focus=photo,
newt-00045,42.3229865,-71.24781,True,wood_utility,vegetation,,none,none_visible,touching,False,0,2,1,2025-04,2025-04,https://www.mapillary.com/app/?pKey=1374860787112041&focus=photo,
newt-00046,42.32292,-71.24756,True,wood_utility,,,none,none_visible,near,False,0,2,1,2025-04,2025-04,https://www.mapillary.com/app/?pKey=1193765618861344&focus=photo,
newt-00047,42.323105,-71.24772,True,wood_utility,,,none,none_visible,near,False,0,2,1,2025-04,2025-04,https://www.mapillary.com/app/?pKey=1402080824551508&focus=photo,
newt-00048,42.32323,-71.24684,False,street_light,,,none,none_visible,near,False,0,2,1,2025-04,2025-04,https://www.mapillary.com/app/?pKey=1196720082005148&focus=photo,
newt-00049,42.32333,-71.2469283,True,wood_utility,,,none,none_visible,near,False,1,6,1,2025-04,2025-04,https://www.mapillary.com/app/?pKey=1012648457539226&focus=photo,
newt-00050,42.323295,-71.24704,True,wood_utility,,,none,none_visible,near,False,1,4,1,2025-04,2025-04,https://www.mapillary.com/app/?pKey=1063343355721283&focus=photo,
newt-00051,42.3231943,-71.2473113,True,wood_utility,vegetation,lean_slight,slight,none_visible,touching,False,1,6,1,2025-04,2025-04,https://www.mapillary.com/app/?pKey=674392995237884&focus=photo,
newt-00052,42.323517,-71.246415,True,wood_utility,,,none,none_visible,near,False,1,4,2,2025-04,2025-04,https://www.mapillary.com/app/?pKey=24337075735894604&focus=photo,
newt-00053,42.32383,-71.24555,True,wood_utility,,,none,none_visible,near,False,1,2,1,2025-04,2025-04,https://www.mapillary.com/app/?pKey=1582986935744742&focus=photo,
newt-00054,42.32385,-71.24537,True,wood_utility,,,unclear,unclear,near,False,0,2,1,2025-04,2025-04,https://www.mapillary.com/app/?pKey=1670681486880810&focus=photo,
newt-00055,42.32332,-71.24667,True,wood_utility,vegetation,,none,none_visible,touching,False,0,1,1,2025-04,2025-04,https://www.mapillary.com/app/?pKey=1486538872323545&focus=photo,
newt-00056,42.323147,-71.247246,False,street_light,vegetation,,none,none_visible,touching,False,0,1,1,2025-04,2025-04,https://www.mapillary.com/app/?pKey=454842821013725&focus=photo,
newt-00057,42.327506,-71.24615,True,wood_utility,double;vegetation,,none,intact,touching,False,1,5,1,2025-08,2025-08,https://www.mapillary.com/app/?pKey=755430400442825&focus=photo,
newt-00058,42.32781,-71.24664,True,wood_utility,,lean_slight,slight,none_visible,near,False,1,2,1,2025-08,2025-08,https://www.mapillary.com/app/?pKey=782317297625873&focus=photo,
newt-00059,42.327286,-71.24603,True,wood_utility,vegetation,lean_slight,slight,none_visible,touching,False,1,2,1,2025-08,2025-08,https://www.mapillary.com/app/?pKey=1668921390448530&focus=photo,
newt-00060,42.327904,-71.24685,True,wood_utility,lean;vegetation,,moderate,none_visible,touching,False,1,2,1,2025-08,2025-08,https://www.mapillary.com/app/?pKey=4136358416643429&focus=photo,
newt-00061,42.328205,-71.24779,True,wood_utility,vegetation,lean_slight,slight,none_visible,touching,False,1,2,1,2025-08,2025-08,https://www.mapillary.com/app/?pKey=2265377987233537&focus=photo,
newt-00062,42.328117,-71.24747,True,wood_utility,vegetation,,none,none_visible,touching,False,1,2,1,2025-08,2025-08,https://www.mapillary.com/app/?pKey=3590326704436797&focus=photo,
newt-00063,42.32708,-71.24603,True,wood_utility,vegetation,lean_slight,slight,none_visible,touching,False,1,2,1,2025-08,2025-08,https://www.mapillary.com/app/?pKey=1912270329340453&focus=photo,
newt-00064,42.328953,-71.250995,True,wood_utility,,,none,none_visible,near,False,1,3,2,2025-10,2025-10,https://www.mapillary.com/app/?pKey=1425938951830047&focus=photo,
newt-00065,42.32904,-71.25088,True,wood_utility,,lean_slight,slight,none_visible,none,False,0,5,2,2025-04,2025-07,https://www.mapillary.com/app/?pKey=1204793247842583&focus=photo,
newt-00066,42.328225,-71.252045,True,wood_utility,,lean_slight,slight,intact,near,False,1,4,2,2025-04,2025-07,https://www.mapillary.com/app/?pKey=1584409158941780&focus=photo,
newt-00067,42.327791,-71.252684,True,wood_utility,,lean_slight,slight,intact,near,False,2,3,2,2025-07,2025-07,https://www.mapillary.com/app/?pKey=1121651543352720&focus=photo,
newt-00068,42.3280823,-71.2522795,True,wood_utility,,,none,intact,near,False,1,4,2,2025-07,2025-07,https://www.mapillary.com/app/?pKey=1309039934255069&focus=photo,
newt-00069,42.3279087,-71.25237,True,wood_utility,,lean_slight,slight,none_visible,near,False,1,3,2,2025-07,2025-07,https://www.mapillary.com/app/?pKey=613126941834235&focus=photo,
newt-00070,42.3271815,-71.25362,True,wood_utility,,lean_slight,slight,none_visible,none,False,1,4,2,2025-04,2025-04,https://www.mapillary.com/app/?pKey=1001110568780145&focus=photo,
newt-00071,42.327301,-71.2534125,True,wood_utility,,,unclear,unclear,near,False,1,2,2,2025-04,2025-04,https://www.mapillary.com/app/?pKey=1710224436560278&focus=photo,
newt-00072,42.3270375,-71.253762,True,wood_utility,,,none,none_visible,near,False,1,4,2,2025-04,2025-04,https://www.mapillary.com/app/?pKey=547909941212325&focus=photo,
newt-00073,42.326749,-71.25408,True,wood_utility,,,none,intact,near,False,1,6,2,2025-04,2025-04,https://www.mapillary.com/app/?pKey=3548609525443603&focus=photo,
newt-00074,42.326935,-71.25376,True,wood_utility,,,none,none_visible,near,False,2,1,1,2025-03,2025-03,https://www.mapillary.com/app/?pKey=661973922892993&focus=photo,
newt-00075,42.328716,-71.252304,True,wood_utility,,,unclear,unclear,near,False,0,1,1,2024-03,2024-03,https://www.mapillary.com/app/?pKey=275575682300459&focus=photo,
newt-00076,42.32531,-71.257926,True,wood_utility,,,none,intact,near,True,1,3,2,2025-04,2025-04,https://www.mapillary.com/app/?pKey=1051891880126553&focus=photo,
newt-00077,42.331356,-71.25926,True,wood_utility,vegetation,,none,none_visible,touching,False,1,2,1,2025-10,2025-10,https://www.mapillary.com/app/?pKey=1874802750129757&focus=photo,
newt-00078,42.331497,-71.2592,True,wood_utility,,,none,none_visible,near,False,2,2,1,2025-10,2025-10,https://www.mapillary.com/app/?pKey=669205712540188&focus=photo,
newt-00079,42.32777,-71.25858,True,wood_utility,vegetation,,none,none_visible,touching,False,1,2,1,2025-10,2025-10,https://www.mapillary.com/app/?pKey=1245384877605510&focus=photo,
newt-00080,42.327663,-71.25872,True,wood_utility,,,none,none_visible,near,False,3,2,1,2025-10,2025-10,https://www.mapillary.com/app/?pKey=809929315081253&focus=photo,
newt-00081,42.329987,-71.24842,True,wood_utility,,,unclear,unclear,near,False,1,2,1,2025-04,2025-04,https://www.mapillary.com/app/?pKey=963076805667806&focus=photo,
newt-00082,42.3304973,-71.2481787,True,wood_utility,,,none,none_visible,near,False,1,6,2,2025-04,2025-04,https://www.mapillary.com/app/?pKey=2126022247843667&focus=photo,
newt-00083,42.33056,-71.248055,True,wood_utility,,,none,intact,none,False,1,2,1,2025-04,2025-04,https://www.mapillary.com/app/?pKey=601877849571621&focus=photo,
newt-00084,42.33097,-71.247745,True,wood_utility,,,none,intact,near,False,1,4,2,2025-04,2025-04,https://www.mapillary.com/app/?pKey=2143933822715007&focus=photo,
newt-00085,42.3312438,-71.2475876,True,wood_utility,,,none,intact,near,False,2,5,2,2025-04,2025-04,https://www.mapillary.com/app/?pKey=701775178947454&focus=photo,
newt-00086,42.3278105,-71.25245,True,wood_utility,double,lean_slight,slight,intact,near,False,1,4,1,2025-10,2025-10,https://www.mapillary.com/app/?pKey=784863564427306&focus=photo,
newt-00087,42.32852,-71.251434,True,wood_utility,,lean_slight,slight,intact,near,False,2,2,1,2025-10,2025-10,https://www.mapillary.com/app/?pKey=1327295488793284&focus=photo,
newt-00088,42.3260007,-71.2556062,True,wood_utility,,,none,intact,near,False,1,8,3,2025-04,2025-04,https://www.mapillary.com/app/?pKey=1407305203959900&focus=photo,
newt-00089,42.325892,-71.255984,True,wood_utility,,,none,intact,near,False,2,10,4,2025-07,2025-07,https://www.mapillary.com/app/?pKey=1123748796311363&focus=photo,
newt-00090,42.326185,-71.255047,True,wood_utility,,,none,none_visible,none,True,2,6,3,2025-04,2025-04,https://www.mapillary.com/app/?pKey=4116132508710125&focus=photo,
newt-00091,42.326176,-71.258255,True,wood_utility,,,none,intact,none,False,2,2,1,2025-04,2025-04,https://www.mapillary.com/app/?pKey=1345182730091650&focus=photo,
newt-00092,42.3265243,-71.2586037,True,wood_utility,,,none,intact,near,False,1,6,1,2025-04,2025-04,https://www.mapillary.com/app/?pKey=697986232576436&focus=photo,
newt-00093,42.32645,-71.2585,True,wood_utility,,,none,intact,near,False,1,2,1,2025-04,2025-04,https://www.mapillary.com/app/?pKey=697986232576436&focus=photo,
newt-00094,42.32626,-71.258335,True,wood_utility,,,none,intact,near,False,2,4,1,2025-04,2025-04,https://www.mapillary.com/app/?pKey=2069713330205053&focus=photo,
newt-00095,42.325819,-71.2579805,True,wood_utility,,,none,none_visible,near,False,1,4,1,2025-04,2025-04,https://www.mapillary.com/app/?pKey=1033677261968755&focus=photo,
newt-00096,42.3253947,-71.2576127,True,wood_utility,,,none,none_visible,near,False,1,3,2,2025-04,2025-04,https://www.mapillary.com/app/?pKey=1712400282967999&focus=photo,
newt-00097,42.3260155,-71.258143,True,wood_utility,,lean_slight,slight,intact,near,False,2,4,1,2025-04,2025-04,https://www.mapillary.com/app/?pKey=1902041993932535&focus=photo,
newt-00098,42.32562,-71.25792,True,wood_utility,,lean_slight,slight,intact,none,True,1,2,1,2025-04,2025-04,https://www.mapillary.com/app/?pKey=555438030905545&focus=photo,
newt-00099,42.32634,-71.25839,True,wood_utility,,,none,intact,near,False,1,2,1,2025-04,2025-04,https://www.mapillary.com/app/?pKey=1338228590724990&focus=photo,
newt-00100,42.3263972,-71.2584524,True,wood_utility,,,none,intact,near,False,1,5,2,2025-05,2025-05,https://www.mapillary.com/app/?pKey=1768270074038020&focus=photo,
newt-00101,42.3261244,-71.2581988,True,wood_utility,,,none,intact,near,False,2,5,2,2025-10,2025-10,https://www.mapillary.com/app/?pKey=1279631113918615&focus=photo,
newt-00102,42.32993,-71.247958,True,wood_utility,,lean_slight,slight,intact,near,False,2,4,2,2025-04,2025-04,https://www.mapillary.com/app/?pKey=2873718426131152&focus=photo,
newt-00103,42.327568,-71.25276,True,wood_utility,lean,,moderate,intact,near,False,1,1,1,2025-04,2025-04,https://www.mapillary.com/app/?pKey=962630839028085&focus=photo,
newt-00104,42.327343,-71.252846,True,concrete_or_steel_utility,,,none,none_visible,near,False,1,2,1,2025-04,2025-04,https://www.mapillary.com/app/?pKey=1006679828100893&focus=photo,
newt-00105,42.325464,-71.257265,True,wood_utility,,,none,intact,none,True,1,8,1,2025-04,2025-04,https://www.mapillary.com/app/?pKey=1323603555514511&focus=photo,
newt-00106,42.325375,-71.25744,True,wood_utility,,,none,intact,none,False,1,2,1,2025-04,2025-04,https://www.mapillary.com/app/?pKey=1842326463248088&focus=photo,
newt-00107,42.325397,-71.25729,True,wood_utility,,,none,intact,none,False,2,2,1,2025-04,2025-04,https://www.mapillary.com/app/?pKey=998518561859330&focus=photo,
newt-00108,42.3255265,-71.257015,True,wood_utility,,,none,intact,near,True,2,4,1,2025-04,2025-04,https://www.mapillary.com/app/?pKey=1163526638601261&focus=photo,
newt-00109,42.325455,-71.25755,True,wood_utility,vegetation,,none,none_visible,touching,False,2,1,1,2025-04,2025-04,https://www.mapillary.com/app/?pKey=647238794588082&focus=photo,
newt-00110,42.329451,-71.25815,True,wood_utility,,,none,none_visible,near,False,2,3,2,2025-11,2025-11,https://www.mapillary.com/app/?pKey=4389206654631658&focus=photo,
newt-00111,42.32925,-71.25821,True,wood_utility,vegetation,,none,none_visible,touching,False,1,2,1,2025-11,2025-11,https://www.mapillary.com/app/?pKey=1190717669822786&focus=photo,
newt-00112,42.331287,-71.258965,True,wood_utility,,,none,none_visible,near,False,1,2,1,2025-10,2025-10,https://www.mapillary.com/app/?pKey=1529252021673603&focus=photo,
newt-00113,42.3262515,-71.254944,True,wood_utility,,,none,none_visible,none,False,1,2,2,2025-04,2025-04,https://www.mapillary.com/app/?pKey=609946745408356&focus=photo,
newt-00114,42.3262867,-71.2548617,True,wood_utility,,,none,intact,none,False,2,3,1,2025-04,2025-04,https://www.mapillary.com/app/?pKey=609946745408356&focus=photo,
newt-00115,42.32657,-71.25442,True,wood_utility,,,none,intact,near,False,2,1,1,2025-04,2025-04,https://www.mapillary.com/app/?pKey=566020566005977&focus=photo,
newt-00116,42.32608,-71.24643,True,wood_utility,vegetation,,none,none_visible,touching,False,1,2,1,2025-08,2025-08,https://www.mapillary.com/app/?pKey=1287202358959882&focus=photo,
newt-00117,42.325428,-71.24576,True,wood_utility,vegetation,lean_slight,slight,none_visible,touching,False,1,2,1,2025-08,2025-08,https://www.mapillary.com/app/?pKey=1806989863185095&focus=photo,
newt-00118,42.326225,-71.246506,True,wood_utility,,lean_slight,slight,none_visible,near,False,2,2,1,2025-08,2025-08,https://www.mapillary.com/app/?pKey=1111321733787628&focus=photo,
newt-00119,42.32573,-71.24627,True,wood_utility,vegetation,lean_slight,slight,none_visible,touching,False,1,2,1,2025-08,2025-08,https://www.mapillary.com/app/?pKey=1239945717819545&focus=photo,
newt-00120,42.32577,-71.24606,True,wood_utility,vegetation,lean_slight,slight,unclear,touching,False,0,2,1,2025-08,2025-08,https://www.mapillary.com/app/?pKey=557768730691967&focus=photo,
newt-00121,42.325893,-71.24642,True,wood_utility,,lean_slight,slight,unclear,near,False,0,2,1,2025-08,2025-08,https://www.mapillary.com/app/?pKey=1604400967190482&focus=photo,
newt-00122,42.32673,-71.246416,True,wood_utility,vegetation,,unclear,unclear,touching,False,1,3,1,2025-08,2025-08,https://www.mapillary.com/app/?pKey=1472017220588386&focus=photo,
newt-00123,42.32565,-71.24611,True,wood_utility,vegetation,,none,none_visible,touching,False,0,2,1,2025-08,2025-08,https://www.mapillary.com/app/?pKey=1250430320431233&focus=photo,
newt-00124,42.32686,-71.24621,True,wood_utility,vegetation,lean_slight,slight,none_visible,touching,False,0,2,1,2025-08,2025-08,https://www.mapillary.com/app/?pKey=1809045799963378&focus=photo,
newt-00125,42.326473,-71.24646,True,wood_utility,vegetation,,none,none_visible,touching,False,1,2,1,2025-08,2025-08,https://www.mapillary.com/app/?pKey=3730561487242577&focus=photo,
newt-00126,42.32723,-71.24884,True,wood_utility,,,none,none_visible,near,False,1,2,1,2025-08,2025-08,https://www.mapillary.com/app/?pKey=2251151235403801&focus=photo,
newt-00127,42.3264165,-71.246663,True,wood_utility,double;vegetation,,none,none_visible,touching,False,1,4,1,2025-08,2025-08,https://www.mapillary.com/app/?pKey=1309240597535445&focus=photo,
newt-00128,42.32691,-71.24713,True,wood_utility,vegetation,,none,none_visible,touching,False,0,2,1,2025-08,2025-08,https://www.mapillary.com/app/?pKey=3376360715862964&focus=photo,
newt-00129,42.32718,-71.248184,True,wood_utility,vegetation,,none,none_visible,touching,False,1,2,1,2025-08,2025-08,https://www.mapillary.com/app/?pKey=600900456287218&focus=photo,
newt-00130,42.326664,-71.24684,False,street_light,vegetation,,none,none_visible,touching,False,0,2,1,2025-08,2025-08,https://www.mapillary.com/app/?pKey=1709367053784945&focus=photo,
newt-00131,42.327145,-71.24784,True,wood_utility,vegetation,,unclear,unclear,touching,True,1,2,1,2025-08,2025-08,https://www.mapillary.com/app/?pKey=761207293214844&focus=photo,
newt-00132,42.327057,-71.247475,True,wood_utility,vegetation,,none,none_visible,touching,False,0,2,1,2025-08,2025-08,https://www.mapillary.com/app/?pKey=24082349211465778&focus=photo,
newt-00133,42.328814,-71.2509275,True,wood_utility,,,none,intact,none,False,2,4,2,2026-02,2026-02,https://www.mapillary.com/app/?pKey=1469325364710483&focus=photo,
newt-00134,42.32902,-71.250534,True,concrete_or_steel_utility,,,none,none_visible,near,False,0,1,1,2026-02,2026-02,https://www.mapillary.com/app/?pKey=958240303213071&focus=photo,
newt-00135,42.328952,-71.25065,False,traffic_signal,,,none,none_visible,near,False,0,2,1,2026-02,2026-02,https://www.mapillary.com/app/?pKey=1469325364710483&focus=photo,
newt-00136,42.328754,-71.2507,True,wood_utility,,,none,intact,near,False,1,1,1,2026-02,2026-02,https://www.mapillary.com/app/?pKey=2044821776094667&focus=photo,
newt-00137,42.328728,-71.25081,True,wood_utility,,lean_slight,slight,intact,near,False,2,1,1,2026-02,2026-02,https://www.mapillary.com/app/?pKey=920377230744584&focus=photo,
newt-00138,42.3286883,-71.2514387,True,wood_utility,,lean_slight,slight,intact,near,False,1,3,2,2025-04,2025-04,https://www.mapillary.com/app/?pKey=1427992655032922&focus=photo,
newt-00139,42.3325367,-71.25558,True,wood_utility,,lean_slight,slight,none_visible,near,False,1,3,2,2025-10,2025-10,https://www.mapillary.com/app/?pKey=831878532647154&focus=photo,
newt-00140,42.332929,-71.2548625,True,wood_utility,,,none,none_visible,near,False,1,4,2,2025-10,2025-10,https://www.mapillary.com/app/?pKey=4210869922466125&focus=photo,
newt-00141,42.333069,-71.2545867,True,wood_utility,,,none,none_visible,near,False,1,6,2,2025-10,2025-10,https://www.mapillary.com/app/?pKey=1646738853434698&focus=photo,
newt-00142,42.321831,-71.2464625,True,wood_utility,,lean_slight,slight,none_visible,near,False,1,4,2,2025-10,2025-10,https://www.mapillary.com/app/?pKey=666004902800786&focus=photo,
newt-00143,42.321884,-71.24539,True,wood_utility,,,none,unclear,near,False,0,2,1,2025-10,2025-10,https://www.mapillary.com/app/?pKey=1555714598925732&focus=photo,
newt-00144,42.325859,-71.2560587,True,wood_utility,,,none,intact,near,False,2,3,2,2025-03,2025-10,https://www.mapillary.com/app/?pKey=9149557748506270&focus=photo,
newt-00145,42.32688,-71.25651,True,wood_utility,vegetation,lean_slight,slight,unclear,touching,False,1,2,1,2025-10,2025-10,https://www.mapillary.com/app/?pKey=1130957645853781&focus=photo,
newt-00146,42.327065,-71.256454,True,wood_utility,lean;vegetation,,severe,none_visible,touching,True,1,2,1,2025-10,2025-10,https://www.mapillary.com/app/?pKey=1308917897043433&focus=photo,
newt-00147,42.326397,-71.25668,True,wood_utility,lean,,moderate,none_visible,near,False,1,2,1,2025-10,2025-10,https://www.mapillary.com/app/?pKey=25205708955701954&focus=photo,
newt-00148,42.3267,-71.256584,True,wood_utility,vegetation,lean_slight,slight,none_visible,touching,False,2,2,1,2025-10,2025-10,https://www.mapillary.com/app/?pKey=2903133650075580&focus=photo,
newt-00149,42.32614,-71.256775,True,wood_utility,,lean_slight,slight,none_visible,near,False,2,2,1,2025-10,2025-10,https://www.mapillary.com/app/?pKey=1296744871770541&focus=photo,
newt-00150,42.3287867,-71.24379,True,wood_utility,,,none,intact,none,False,2,3,1,2025-04,2025-04,https://www.mapillary.com/app/?pKey=638499695657562&focus=photo,
newt-00151,42.328773,-71.24407,True,wood_utility,vegetation,,none,none_visible,touching,False,1,2,1,2025-04,2025-04,https://www.mapillary.com/app/?pKey=971266848449458&focus=photo,
newt-00152,42.3288,-71.2437,True,wood_utility,vegetation,,unclear,unclear,touching,False,1,1,1,2025-04,2025-04,https://www.mapillary.com/app/?pKey=1010078054389663&focus=photo,
newt-00153,42.328873,-71.24417,True,wood_utility,vegetation,,none,none_visible,touching,False,1,2,1,2025-04,2025-04,https://www.mapillary.com/app/?pKey=4030867203811547&focus=photo,
newt-00154,42.329006,-71.24464,True,wood_utility,,,none,none_visible,near,False,2,2,1,2025-04,2025-04,https://www.mapillary.com/app/?pKey=651245950997919&focus=photo,
newt-00155,42.3291425,-71.2451095,True,wood_utility,,,none,none_visible,near,False,0,2,2,2025-08,2025-08,https://www.mapillary.com/app/?pKey=1142626107730654&focus=photo,
newt-00156,42.32884,-71.24387,True,wood_utility,,,none,intact,near,False,1,2,1,2025-04,2025-04,https://www.mapillary.com/app/?pKey=971266848449458&focus=photo,
newt-00157,42.32773,-71.25806,False,street_light,,,none,none_visible,near,False,0,1,1,2025-04,2025-04,https://www.mapillary.com/app/?pKey=711079114602740&focus=photo,
newt-00158,42.327576,-71.25877,True,wood_utility,,,none,none_visible,none,False,3,2,1,2025-04,2025-04,https://www.mapillary.com/app/?pKey=1346910456572986&focus=photo,
newt-00159,42.328116,-71.258488,True,wood_utility,vegetation,,none,intact,touching,False,2,3,1,2025-04,2025-04,https://www.mapillary.com/app/?pKey=1048757930447151&focus=photo,
newt-00160,42.32836,-71.25844,True,wood_utility,,,none,none_visible,near,False,2,2,1,2025-04,2025-04,https://www.mapillary.com/app/?pKey=9612602012160623&focus=photo,
newt-00161,42.32794,-71.25853,True,wood_utility,,,none,intact,near,False,2,2,1,2025-04,2025-04,https://www.mapillary.com/app/?pKey=9587468848039099&focus=photo,
newt-00162,42.326606,-71.258662,True,wood_utility,,,none,intact,near,False,2,4,2,2025-04,2025-05,https://www.mapillary.com/app/?pKey=1381563322865904&focus=photo,
newt-00163,42.3267914,-71.258863,True,wood_utility,,,none,intact,near,False,1,5,1,2025-04,2025-04,https://www.mapillary.com/app/?pKey=645877994921118&focus=photo,
newt-00164,42.3267,-71.25876,True,wood_utility,,,none,intact,near,False,1,2,1,2025-04,2025-04,https://www.mapillary.com/app/?pKey=1639662387425891&focus=photo,
newt-00165,42.32761,-71.25841,True,wood_utility,,,none,none_visible,near,False,1,2,1,2025-04,2025-04,https://www.mapillary.com/app/?pKey=1039802184678515&focus=photo,
newt-00166,42.3282735,-71.258465,True,wood_utility,,,none,none_visible,near,False,2,4,1,2025-04,2025-04,https://www.mapillary.com/app/?pKey=1712858059312515&focus=photo,
newt-00167,42.327137,-71.25344,True,wood_utility,,,none,intact,near,False,2,2,1,2025-04,2025-04,https://www.mapillary.com/app/?pKey=1383488322792605&focus=photo,
newt-00168,42.3271343,-71.25352,True,wood_utility,,,none,intact,near,False,2,6,3,2025-04,2025-04,https://www.mapillary.com/app/?pKey=1701235237134997&focus=photo,
newt-00169,42.321951,-71.2442475,True,wood_utility,,lean_slight,slight,intact,near,False,0,4,2,2025-05,2025-05,https://www.mapillary.com/app/?pKey=705577679088031&focus=photo,
newt-00170,42.32183,-71.2452,True,wood_utility,,,none,none_visible,near,False,1,1,1,2025-05,2025-05,https://www.mapillary.com/app/?pKey=1240478737507614&focus=photo,
newt-00171,42.32188,-71.24385,True,wood_utility,vegetation,,none,intact,touching,False,1,2,1,2025-05,2025-05,https://www.mapillary.com/app/?pKey=9036537129783278&focus=photo,
newt-00172,42.321884,-71.24481,True,wood_utility,,,none,none_visible,near,False,1,1,1,2025-05,2025-05,https://www.mapillary.com/app/?pKey=1731862741049101&focus=photo,
newt-00173,42.326294,-71.258736,True,wood_utility,,,none,none_visible,near,False,1,2,1,2025-12,2025-12,https://www.mapillary.com/app/?pKey=4004256986372783&focus=photo,
newt-00174,42.3261635,-71.25856,True,wood_utility,,,none,intact,near,False,2,4,1,2025-12,2025-12,https://www.mapillary.com/app/?pKey=2121125695295853&focus=photo,
newt-00175,42.334103,-71.25873,True,wood_utility,,lean_slight,slight,none_visible,near,False,2,2,1,2025-10,2025-10,https://www.mapillary.com/app/?pKey=3141738962650663&focus=photo,
newt-00176,42.33373,-71.25823,True,wood_utility,vegetation,,none,none_visible,touching,False,2,2,1,2025-10,2025-10,https://www.mapillary.com/app/?pKey=1159337979475691&focus=photo,
newt-00177,42.33376,-71.2593,True,wood_utility,vegetation,,unclear,unclear,touching,False,1,1,1,2025-10,2025-10,https://www.mapillary.com/app/?pKey=2245648349234351&focus=photo,
newt-00178,42.333923,-71.25904,True,wood_utility,vegetation,,none,none_visible,touching,False,2,2,1,2025-10,2025-10,https://www.mapillary.com/app/?pKey=1511572360170143&focus=photo,
newt-00179,42.324142,-71.245,False,unclear,,,unclear,none_visible,unclear,False,0,2,1,2025-08,2025-08,https://www.mapillary.com/app/?pKey=778511364831243&focus=photo,
newt-00180,42.323452,-71.24547,True,wood_utility,vegetation,,none,none_visible,touching,False,0,2,1,2025-08,2025-08,https://www.mapillary.com/app/?pKey=1965380134263787&focus=photo,
newt-00181,42.323273,-71.245316,True,concrete_or_steel_utility,vegetation,,none,none_visible,touching,False,1,2,1,2025-08,2025-08,https://www.mapillary.com/app/?pKey=1498889544633880&focus=photo,
newt-00182,42.324,-71.24533,True,wood_utility,vegetation,lean_slight,slight,none_visible,touching,False,1,2,1,2025-08,2025-08,https://www.mapillary.com/app/?pKey=1161218346036596&focus=photo,
newt-00183,42.331745,-71.25693,True,wood_utility,vegetation,,unclear,unclear,touching,False,1,2,1,2025-10,2025-10,https://www.mapillary.com/app/?pKey=831741869536622&focus=photo,
newt-00184,42.33234,-71.256744,True,wood_utility,vegetation,,none,none_visible,touching,False,1,2,1,2025-10,2025-10,https://www.mapillary.com/app/?pKey=1168189308516263&focus=photo,
newt-00185,42.32699,-71.25256,True,wood_utility,,,none,none_visible,near,False,0,1,1,2025-10,2025-10,https://www.mapillary.com/app/?pKey=1470034384205955&focus=photo,
newt-00186,42.326675,-71.25217,True,wood_utility,,lean_slight,slight,none_visible,near,False,0,2,1,2025-10,2025-10,https://www.mapillary.com/app/?pKey=2189841404869450&focus=photo,
newt-00187,42.321827,-71.24344,True,wood_utility,vegetation,lean_slight,slight,none_visible,touching,False,1,2,1,2025-08,2025-08,https://www.mapillary.com/app/?pKey=1097749772484831&focus=photo,
newt-00188,42.3219977,-71.2435133,True,wood_utility,,,none,intact,near,False,2,3,2,2025-08,2025-08,https://www.mapillary.com/app/?pKey=778467931342490&focus=photo,
newt-00189,42.332375,-71.254654,True,wood_utility,,,none,none_visible,near,False,1,1,1,2025-11,2025-11,https://www.mapillary.com/app/?pKey=1144076224586540&focus=photo,
newt-00190,42.325428,-71.24955,True,wood_utility,vegetation,,none,none_visible,touching,False,0,2,1,2025-10,2025-10,https://www.mapillary.com/app/?pKey=753938177639455&focus=photo,
newt-00191,42.325058,-71.249072,True,wood_utility,,,none,unclear,near,False,0,4,1,2025-10,2025-10,https://www.mapillary.com/app/?pKey=1264376835376672&focus=photo,
newt-00192,42.327446,-71.251686,True,wood_utility,,,none,none_visible,near,False,0,2,1,2024-03,2024-03,https://www.mapillary.com/app/?pKey=1058346575233584&focus=photo,
newt-00193,42.3275172,-71.2517586,True,wood_utility,,,none,none_visible,near,False,0,5,2,2024-03,2024-03,https://www.mapillary.com/app/?pKey=1885586361900898&focus=photo,
newt-00194,42.327576,-71.25188,True,wood_utility,,,none,intact,near,False,0,2,1,2024-03,2024-03,https://www.mapillary.com/app/?pKey=772610384471707&focus=photo,
newt-00195,42.33273,-71.25719,True,wood_utility,,,none,none_visible,near,False,1,1,1,2025-10,2025-10,https://www.mapillary.com/app/?pKey=1733816520658860&focus=photo,
newt-00196,42.32931,-71.2456,True,wood_utility,lean,,moderate,none_visible,near,False,2,2,1,2025-08,2025-08,https://www.mapillary.com/app/?pKey=4118624995052403&focus=photo,
newt-00197,42.329575,-71.24597,True,wood_utility,vegetation,lean_slight,slight,intact,touching,False,1,1,1,2025-08,2025-08,https://www.mapillary.com/app/?pKey=1922576038527972&focus=photo,
newt-00198,42.32894,-71.24426,True,wood_utility,vegetation,,unclear,unclear,touching,False,0,1,1,2025-08,2025-08,https://www.mapillary.com/app/?pKey=9907240062709510&focus=photo,
newt-00199,42.326336,-71.25857,True,wood_utility,vegetation,,unclear,unclear,touching,False,0,1,1,2025-10,2025-10,https://www.mapillary.com/app/?pKey=1466451267967499&focus=photo,
newt-00200,42.3280365,-71.2562,True,wood_utility,vegetation,lean_slight,slight,none_visible,touching,False,2,4,1,2025-10,2025-10,https://www.mapillary.com/app/?pKey=788064887466873&focus=photo,
newt-00201,42.327713,-71.256195,True,wood_utility,,,none,none_visible,near,False,2,2,1,2025-10,2025-10,https://www.mapillary.com/app/?pKey=2209575969468301&focus=photo,
newt-00202,42.327205,-71.25637,True,wood_utility,,lean_slight,slight,none_visible,near,False,1,2,1,2025-10,2025-10,https://www.mapillary.com/app/?pKey=1359860275797419&focus=photo,
newt-00203,42.32738,-71.256355,True,wood_utility,,lean_slight,slight,none_visible,none,False,2,2,1,2025-10,2025-10,https://www.mapillary.com/app/?pKey=2022491235230538&focus=photo,
newt-00204,42.32788,-71.256226,True,wood_utility,,lean_slight,slight,none_visible,near,False,1,2,1,2025-10,2025-10,https://www.mapillary.com/app/?pKey=1355077046360930&focus=photo,
newt-00205,42.323723,-71.24811,True,wood_utility,,,unclear,unclear,near,False,0,2,1,2025-10,2025-10,https://www.mapillary.com/app/?pKey=1496128675052909&focus=photo,
newt-00206,42.322655,-71.24761,True,wood_utility,vegetation,,none,none_visible,touching,False,0,2,1,2025-10,2025-10,https://www.mapillary.com/app/?pKey=1162192452637636&focus=photo,
newt-00207,42.323475,-71.24802,True,wood_utility,vegetation,lean_slight,slight,none_visible,touching,False,1,2,1,2025-10,2025-10,https://www.mapillary.com/app/?pKey=1870266551038029&focus=photo,
newt-00208,42.32318,-71.247925,True,wood_utility,vegetation,,none,none_visible,touching,False,0,2,1,2025-10,2025-10,https://www.mapillary.com/app/?pKey=1133745102230362&focus=photo,
newt-00209,42.322388,-71.24738,False,street_light,vegetation,,none,none_visible,touching,False,1,2,1,2025-10,2025-10,https://www.mapillary.com/app/?pKey=790462280263274&focus=photo,
newt-00210,42.32911,-71.25076,True,wood_utility,,lean_slight,slight,none_visible,none,False,1,1,1,2025-04,2025-04,https://www.mapillary.com/app/?pKey=961328772654850&focus=photo,
newt-00211,42.3292405,-71.25051,True,wood_utility,,,none,none_visible,near,False,1,4,2,2025-04,2025-04,https://www.mapillary.com/app/?pKey=681482487734619&focus=photo,
newt-00212,42.3290314,-71.250761,True,wood_utility,,lean_slight,slight,none_visible,near,False,1,5,2,2025-04,2025-04,https://www.mapillary.com/app/?pKey=1189960819257337&focus=photo,
newt-00213,42.3292015,-71.250585,True,wood_utility,,,none,none_visible,none,False,1,4,2,2025-04,2025-04,https://www.mapillary.com/app/?pKey=681482487734619&focus=photo,
newt-00214,42.3291688,-71.250662,True,wood_utility,,,none,none_visible,none,False,1,5,3,2025-04,2025-04,https://www.mapillary.com/app/?pKey=1358848155125425&focus=photo,
newt-00215,42.32882,-71.251335,True,wood_utility,,,none,none_visible,near,False,0,2,1,2025-04,2025-04,https://www.mapillary.com/app/?pKey=1089336116546648&focus=photo,
newt-00216,42.328644,-71.251325,True,wood_utility,,,none,none_visible,near,False,1,4,2,2025-04,2025-04,https://www.mapillary.com/app/?pKey=1387936765741942&focus=photo,
newt-00217,42.3289267,-71.2508913,True,wood_utility,,,none,intact,near,False,2,6,2,2025-04,2025-04,https://www.mapillary.com/app/?pKey=2186099738501915&focus=photo,
newt-00218,42.3287753,-71.251096,True,wood_utility,,,none,intact,near,False,1,3,2,2025-04,2025-04,https://www.mapillary.com/app/?pKey=1616811458967767&focus=photo,
newt-00219,42.32858,-71.25154,True,wood_utility,,,none,intact,none,False,1,2,1,2025-04,2025-04,https://www.mapillary.com/app/?pKey=1363426684900742&focus=photo,
newt-00220,42.328545,-71.251686,True,wood_utility,,,none,intact,near,False,2,2,1,2025-04,2025-04,https://www.mapillary.com/app/?pKey=1204830307887103&focus=photo,
newt-00221,42.328346,-71.25178,True,wood_utility,,,none,none_visible,near,False,1,1,1,2025-04,2025-04,https://www.mapillary.com/app/?pKey=1046191764224134&focus=photo,
newt-00222,42.329244,-71.250402,True,wood_utility,,,none,none_visible,near,False,1,4,2,2025-04,2025-04,https://www.mapillary.com/app/?pKey=683582777961505&focus=photo,
newt-00223,42.329323,-71.250465,True,wood_utility,,,none,intact,near,False,2,1,1,2025-04,2025-04,https://www.mapillary.com/app/?pKey=1432587921039564&focus=photo,
newt-00224,42.329456,-71.2506,True,wood_utility,,,none,none_visible,near,False,1,2,1,2025-04,2025-04,https://www.mapillary.com/app/?pKey=1132898115275847&focus=photo,
newt-00225,42.3293293,-71.25035,True,wood_utility,,,none,intact,near,False,2,3,2,2025-04,2025-04,https://www.mapillary.com/app/?pKey=998784015691297&focus=photo,
newt-00226,42.32831,-71.25189,True,wood_utility,,,none,none_visible,none,False,0,2,1,2025-04,2025-04,https://www.mapillary.com/app/?pKey=651387207827309&focus=photo,
newt-00227,42.3281775,-71.25218,True,wood_utility,,,none,intact,near,False,1,4,2,2024-03,2025-04,https://www.mapillary.com/app/?pKey=428295246341754&focus=photo,
newt-00228,42.3294375,-71.25016,True,wood_utility,,,unclear,intact,near,False,1,4,1,2025-04,2025-04,https://www.mapillary.com/app/?pKey=643350874974897&focus=photo,
newt-00229,42.328636,-71.2584,True,wood_utility,,,none,none_visible,none,False,0,2,1,2025-04,2025-04,https://www.mapillary.com/app/?pKey=1202160604688754&focus=photo,
newt-00230,42.327225,-71.258965,False,other,,,none,none_visible,none,False,0,2,1,2025-04,2025-04,https://www.mapillary.com/app/?pKey=1375225993522455&focus=photo,
newt-00231,42.3261693,-71.2551633,True,wood_utility,,,none,none_visible,none,True,2,6,3,2025-04,2025-04,https://www.mapillary.com/app/?pKey=546980238439801&focus=photo,
newt-00232,42.3259735,-71.2557445,True,wood_utility,,,none,intact,near,False,2,4,1,2025-04,2025-04,https://www.mapillary.com/app/?pKey=4115097278812557&focus=photo,
newt-00233,42.326836,-71.24929,True,wood_utility,,lean_slight,slight,none_visible,near,False,0,2,1,2025-08,2025-08,https://www.mapillary.com/app/?pKey=752782257468800&focus=photo,
newt-00234,42.326687,-71.249115,True,wood_utility,vegetation,,none,none_visible,touching,False,1,2,1,2025-08,2025-08,https://www.mapillary.com/app/?pKey=1085977340355846&focus=photo,
newt-00235,42.326126,-71.24853,True,wood_utility,vegetation,,none,none_visible,touching,False,1,2,1,2025-08,2025-08,https://www.mapillary.com/app/?pKey=1785045155443983&focus=photo,
newt-00236,42.327003,-71.2495,True,wood_utility,vegetation,,unclear,unclear,touching,False,0,2,1,2025-08,2025-08,https://www.mapillary.com/app/?pKey=1281262803200561&focus=photo,
newt-00237,42.32647,-71.24879,True,wood_utility,vegetation,,none,none_visible,touching,False,1,2,1,2025-08,2025-08,https://www.mapillary.com/app/?pKey=2018439005567612&focus=photo,
newt-00238,42.3270643,-71.25363,True,wood_utility,,,none,intact,near,False,2,3,2,2025-04,2025-04,https://www.mapillary.com/app/?pKey=1163028412227497&focus=photo,
newt-00239,42.327015,-71.253685,True,wood_utility,,,none,none_visible,near,False,0,2,1,2025-04,2025-04,https://www.mapillary.com/app/?pKey=692674489979395&focus=photo,
newt-00240,42.329556,-71.24724,True,wood_utility,vegetation,lean_slight,slight,none_visible,touching,False,2,2,1,2025-08,2025-08,https://www.mapillary.com/app/?pKey=24397601119895189&focus=photo,
newt-00241,42.328247,-71.24842,True,wood_utility,vegetation,lean_slight,slight,none_visible,touching,False,1,2,1,2025-08,2025-08,https://www.mapillary.com/app/?pKey=737073012495057&focus=photo,
newt-00242,42.32825,-71.24818,True,wood_utility,vegetation,lean_slight,slight,none_visible,touching,False,2,2,1,2025-08,2025-08,https://www.mapillary.com/app/?pKey=783537100831040&focus=photo,
newt-00243,42.329533,-71.24738,True,wood_utility,,,none,none_visible,near,False,1,2,1,2025-08,2025-08,https://www.mapillary.com/app/?pKey=24397601119895189&focus=photo,
newt-00244,42.32916,-71.24769,True,wood_utility,,,none,none_visible,near,False,1,2,1,2025-08,2025-08,https://www.mapillary.com/app/?pKey=1963592604453271&focus=photo,
newt-00245,42.329334,-71.2475,True,wood_utility,vegetation,,none,none_visible,touching,False,1,2,1,2025-08,2025-08,https://www.mapillary.com/app/?pKey=1731981774122424&focus=photo,
newt-00246,42.328846,-71.2483,True,concrete_or_steel_utility,vegetation,lean_slight,slight,none_visible,touching,False,0,2,1,2025-08,2025-08,https://www.mapillary.com/app/?pKey=750993111248692&focus=photo,
newt-00247,42.329124,-71.24495,True,wood_utility,,,none,none_visible,none,True,1,2,1,2025-04,2025-04,https://www.mapillary.com/app/?pKey=668229302520969&focus=photo,
newt-00248,42.3298905,-71.24725,True,wood_utility,,,none,none_visible,near,False,2,4,1,2025-04,2025-04,https://www.mapillary.com/app/?pKey=1300327484389627&focus=photo,
newt-00249,42.32992,-71.247398,True,wood_utility,,,none,none_visible,near,False,1,2,1,2025-04,2025-04,https://www.mapillary.com/app/?pKey=627659786778850&focus=photo,
newt-00250,42.3298685,-71.247125,True,wood_utility,,lean_slight,slight,none_visible,near,False,2,4,1,2025-04,2025-04,https://www.mapillary.com/app/?pKey=1589332718440006&focus=photo,
newt-00251,42.3297157,-71.2467973,True,wood_utility,vegetation,lean_slight,slight,none_visible,touching,False,2,3,1,2025-04,2025-04,https://www.mapillary.com/app/?pKey=1157902856132323&focus=photo,
newt-00252,42.3295335,-71.246295,True,wood_utility,,,none,none_visible,near,False,2,4,2,2025-04,2025-04,https://www.mapillary.com/app/?pKey=1227618352126195&focus=photo,
newt-00253,42.329544,-71.24669,True,wood_utility,,lean_slight,slight,unclear,near,False,0,2,1,2025-04,2025-04,https://www.mapillary.com/app/?pKey=1374924267188296&focus=photo,
newt-00254,42.32945,-71.24609,True,wood_utility,,,none,none_visible,near,False,2,2,1,2025-04,2025-04,https://www.mapillary.com/app/?pKey=1194193451549046&focus=photo,
newt-00255,42.329773,-71.246864,True,wood_utility,,lean_slight,slight,none_visible,near,False,2,1,1,2025-04,2025-04,https://www.mapillary.com/app/?pKey=1017736490283913&focus=photo,
newt-00256,42.3293373,-71.2457283,True,wood_utility,,,none,none_visible,near,False,1,3,2,2025-04,2025-05,https://www.mapillary.com/app/?pKey=1649809812322277&focus=photo,
newt-00257,42.32947,-71.24676,True,wood_utility,,lean_slight,slight,unclear,near,False,1,2,1,2025-04,2025-04,https://www.mapillary.com/app/?pKey=1915261455675334&focus=photo,
newt-00258,42.329636,-71.24656,True,wood_utility,vegetation,,none,none_visible,touching,False,1,2,1,2025-04,2025-04,https://www.mapillary.com/app/?pKey=672920878452755&focus=photo,
newt-00259,42.329575,-71.24646,True,wood_utility,vegetation,,none,none_visible,touching,False,2,2,1,2025-04,2025-04,https://www.mapillary.com/app/?pKey=2133304023750441&focus=photo,
newt-00260,42.329666,-71.245926,True,wood_utility,,,none,intact,near,False,1,2,1,2025-04,2025-04,https://www.mapillary.com/app/?pKey=1390537115734652&focus=photo,
newt-00261,42.329227,-71.245445,True,wood_utility,,lean_slight,slight,none_visible,none,False,2,2,1,2025-04,2025-04,https://www.mapillary.com/app/?pKey=986850610204369&focus=photo,
newt-00262,42.329707,-71.249213,True,wood_utility,,,none,intact,near,False,2,4,2,2025-04,2025-04,https://www.mapillary.com/app/?pKey=1806461760140946&focus=photo,
newt-00263,42.329853,-71.2474,True,wood_utility,,,none,none_visible,near,False,1,2,1,2025-04,2025-04,https://www.mapillary.com/app/?pKey=999769578790018&focus=photo,
newt-00264,42.3296748,-71.249339,True,wood_utility,,,none,none_visible,near,False,1,8,3,2025-04,2025-04,https://www.mapillary.com/app/?pKey=1491911765121097&focus=photo,
newt-00265,42.329788,-71.24892,True,wood_utility,,,none,none_visible,near,False,1,4,2,2025-04,2025-04,https://www.mapillary.com/app/?pKey=2064683234004100&focus=photo,
newt-00266,42.3301685,-71.24827,True,wood_utility,,,none,intact,near,False,3,4,1,2025-04,2025-04,https://www.mapillary.com/app/?pKey=1203223504873783&focus=photo,
newt-00267,42.32992,-71.24763,True,wood_utility,,,none,none_visible,near,False,2,2,1,2025-04,2025-04,https://www.mapillary.com/app/?pKey=668586318976154&focus=photo,
newt-00268,42.330103,-71.2484325,True,wood_utility,,,none,intact,near,False,2,4,2,2025-04,2025-04,https://www.mapillary.com/app/?pKey=1342476543660223&focus=photo,
newt-00269,42.330048,-71.248146,True,wood_utility,lean,,severe,none_visible,none,False,0,2,1,2025-04,2025-04,https://www.mapillary.com/app/?pKey=2495508464124263&focus=photo,
newt-00270,42.329815,-71.249065,True,wood_utility,,,none,none_visible,near,False,2,2,1,2025-04,2025-04,https://www.mapillary.com/app/?pKey=1035230505319754&focus=photo,
newt-00271,42.329521,-71.249875,True,wood_utility,,,none,intact,near,False,1,4,2,2025-04,2025-04,https://www.mapillary.com/app/?pKey=963202766016653&focus=photo,
newt-00272,42.329666,-71.24944,False,street_light,,,none,none_visible,near,False,0,2,1,2025-04,2025-04,https://www.mapillary.com/app/?pKey=716183354303035&focus=photo,
newt-00273,42.329945,-71.2478,True,wood_utility,,,none,none_visible,near,False,1,2,1,2025-04,2025-04,https://www.mapillary.com/app/?pKey=3464916476974199&focus=photo,
newt-00274,42.329542,-71.249744,True,wood_utility,,,none,intact,near,False,1,5,2,2025-04,2025-04,https://www.mapillary.com/app/?pKey=667803629290451&focus=photo,
newt-00275,42.329627,-71.249608,True,wood_utility,,,none,intact,near,False,1,4,2,2025-04,2025-07,https://www.mapillary.com/app/?pKey=716183354303035&focus=photo,
newt-00276,42.329937,-71.248295,True,wood_utility,,lean_slight,slight,none_visible,near,False,1,4,2,2025-04,2025-04,https://www.mapillary.com/app/?pKey=10018644428167018&focus=photo,
newt-00277,42.329777,-71.24926,True,wood_utility,,lean_slight,slight,intact,near,False,2,1,1,2025-04,2025-04,https://www.mapillary.com/app/?pKey=1354886752368422&focus=photo,
newt-00278,42.329964,-71.2475,True,wood_utility,,,none,none_visible,near,False,1,2,1,2025-05,2025-05,https://www.mapillary.com/app/?pKey=718829987334062&focus=photo,
newt-00279,42.325571,-71.256855,True,wood_utility,,,none,intact,near,True,2,4,2,2025-04,2025-04,https://www.mapillary.com/app/?pKey=670837805533950&focus=photo,
newt-00280,42.3274,-71.2516,True,wood_utility,,,none,none_visible,near,False,0,1,1,2024-03,2024-03,https://www.mapillary.com/app/?pKey=360143503152726&focus=photo,
newt-00281,42.3265,-71.2443,True,wood_utility,vegetation,,unclear,unclear,touching,False,1,2,1,2025-08,2025-08,https://www.mapillary.com/app/?pKey=1472197897137408&focus=photo,
newt-00282,42.328487,-71.244286,True,wood_utility,vegetation,,none,none_visible,touching,False,1,2,1,2025-08,2025-08,https://www.mapillary.com/app/?pKey=3961089257477421&focus=photo,
newt-00283,42.326794,-71.24447,True,wood_utility,vegetation,lean_slight,slight,none_visible,touching,False,0,2,1,2025-08,2025-08,https://www.mapillary.com/app/?pKey=1524996772199990&focus=photo,
newt-00284,42.327885,-71.24457,True,wood_utility,,,none,none_visible,near,False,1,2,1,2025-08,2025-08,https://www.mapillary.com/app/?pKey=2674777712868162&focus=photo,
newt-00285,42.328224,-71.24443,True,wood_utility,vegetation,lean_slight,slight,none_visible,touching,False,1,2,1,2025-08,2025-08,https://www.mapillary.com/app/?pKey=1324622959232143&focus=photo,
newt-00286,42.3275267,-71.2445483,True,wood_utility,vegetation,,none,none_visible,touching,False,0,3,1,2025-08,2025-08,https://www.mapillary.com/app/?pKey=748761237998395&focus=photo,
newt-00287,42.32714,-71.24456,True,wood_utility,vegetation,,none,none_visible,touching,False,2,2,1,2025-08,2025-08,https://www.mapillary.com/app/?pKey=633149966532903&focus=photo,
newt-00288,42.327694,-71.244545,False,unclear,vegetation,,unclear,none_visible,touching,False,0,1,1,2025-08,2025-08,https://www.mapillary.com/app/?pKey=1966384797451039&focus=photo,
newt-00289,42.32905,-71.25065,True,wood_utility,,,none,intact,none,False,1,2,1,2025-04,2025-04,https://www.mapillary.com/app/?pKey=691104090166448&focus=photo,
newt-00290,42.328846,-71.25105,True,wood_utility,,,none,none_visible,near,False,1,1,1,2025-04,2025-04,https://www.mapillary.com/app/?pKey=1362007401700769&focus=photo,
newt-00291,42.32948,-71.2500025,True,wood_utility,,,none,intact,none,False,1,4,2,2025-04,2025-04,https://www.mapillary.com/app/?pKey=693130046740691&focus=photo,
newt-00292,42.3291433,-71.2505493,True,wood_utility,,,none,none_visible,none,False,2,3,1,2025-04,2025-04,https://www.mapillary.com/app/?pKey=653407574100712&focus=photo,
newt-00293,42.329584,-71.2581275,True,wood_utility,,lean_slight,slight,none_visible,near,False,2,4,1,2025-04,2025-04,https://www.mapillary.com/app/?pKey=1726975157914586&focus=photo,
newt-00294,42.3293497,-71.2582027,True,wood_utility,,lean_slight,slight,none_visible,near,False,1,3,2,2025-04,2025-10,https://www.mapillary.com/app/?pKey=1387501772265355&focus=photo,
newt-00295,42.329674,-71.25811,True,wood_utility,,,none,none_visible,near,False,2,2,1,2025-04,2025-04,https://www.mapillary.com/app/?pKey=685084997379693&focus=photo,
newt-00296,42.33004,-71.258,True,wood_utility,,,none,intact,near,False,2,2,1,2025-04,2025-04,https://www.mapillary.com/app/?pKey=1183680766559312&focus=photo,
newt-00297,42.329818,-71.258085,True,wood_utility,,,none,none_visible,near,False,1,4,1,2025-04,2025-04,https://www.mapillary.com/app/?pKey=655677683767411&focus=photo,
newt-00298,42.32882,-71.258354,True,wood_utility,vegetation,,none,none_visible,touching,False,1,2,1,2025-04,2025-04,https://www.mapillary.com/app/?pKey=1616054782428479&focus=photo,
newt-00299,42.33013,-71.25799,True,wood_utility,,,none,intact,none,False,2,2,1,2025-04,2025-04,https://www.mapillary.com/app/?pKey=1021466332740434&focus=photo,
newt-00300,42.329884,-71.25803,True,wood_utility,,,none,none_visible,none,False,2,2,1,2025-04,2025-04,https://www.mapillary.com/app/?pKey=543850341712371&focus=photo,
newt-00301,42.33044,-71.25789,True,wood_utility,lean,,moderate,intact,none,False,2,2,1,2025-04,2025-04,https://www.mapillary.com/app/?pKey=1610015469658411&focus=photo,
newt-00302,42.329069,-71.258278,True,wood_utility,,,none,none_visible,none,False,2,4,1,2025-04,2025-04,https://www.mapillary.com/app/?pKey=1690105581604492&focus=photo,
newt-00303,42.329956,-71.25802,True,wood_utility,,,none,intact,near,False,2,2,1,2025-04,2025-04,https://www.mapillary.com/app/?pKey=2074558503038827&focus=photo,
newt-00304,42.32918,-71.258255,True,wood_utility,,,none,none_visible,near,False,2,2,1,2025-04,2025-04,https://www.mapillary.com/app/?pKey=534591129400566&focus=photo,
newt-00305,42.328495,-71.258415,True,wood_utility,,,none,none_visible,none,False,2,2,1,2025-04,2025-04,https://www.mapillary.com/app/?pKey=1329239221705516&focus=photo,
newt-00306,42.3284673,-71.2516867,True,wood_utility,,,none,none_visible,near,False,1,3,1,2025-04,2025-04,https://www.mapillary.com/app/?pKey=661938299781855&focus=photo,
newt-00307,42.3285025,-71.251555,True,wood_utility,,,none,intact,near,False,1,4,2,2025-04,2025-04,https://www.mapillary.com/app/?pKey=1035097095181508&focus=photo,
newt-00308,42.32772,-71.2526,True,wood_utility,,,none,intact,none,False,1,2,1,2025-04,2025-04,https://www.mapillary.com/app/?pKey=2465913137094977&focus=photo,
newt-00309,42.3292233,-71.24688,False,other,vegetation,,unclear,none_visible,touching,False,0,6,1,2025-08,2025-08,https://www.mapillary.com/app/?pKey=2125016361320139&focus=photo,
newt-00310,42.32944,-71.24703,True,wood_utility,vegetation,,unclear,unclear,touching,False,0,2,1,2025-08,2025-08,https://www.mapillary.com/app/?pKey=781906841190877&focus=photo,
newt-00311,42.32929,-71.246605,True,wood_utility,,,unclear,unclear,near,False,1,2,1,2025-08,2025-08,https://www.mapillary.com/app/?pKey=1267945441167551&focus=photo,
newt-00312,42.3294133,-71.2469117,True,wood_utility,vegetation,,none,none_visible,touching,False,2,3,1,2025-08,2025-08,https://www.mapillary.com/app/?pKey=1831158210797625&focus=photo,
newt-00313,42.328693,-71.24716,True,wood_utility,vegetation,,none,none_visible,touching,False,2,2,1,2025-08,2025-08,https://www.mapillary.com/app/?pKey=1505691590778870&focus=photo,
newt-00314,42.328964,-71.24693,True,wood_utility,,lean_slight,slight,none_visible,none,True,2,2,1,2025-08,2025-08,https://www.mapillary.com/app/?pKey=1104789181202145&focus=photo,
newt-00315,42.328484,-71.24742,True,wood_utility,,,none,none_visible,near,False,1,2,1,2025-08,2025-08,https://www.mapillary.com/app/?pKey=25340666448857146&focus=photo,
newt-00316,42.32416,-71.24814,True,wood_utility,,lean_slight,slight,unclear,near,False,1,2,1,2025-08,2025-08,https://www.mapillary.com/app/?pKey=1617501443031669&focus=photo,
newt-00317,42.3242393,-71.24819,True,wood_utility,,,none,intact,near,False,1,3,1,2025-08,2025-08,https://www.mapillary.com/app/?pKey=1140212424646694&focus=photo,
newt-00318,42.324,-71.24798,True,wood_utility,,,none,none_visible,none,False,1,2,1,2025-08,2025-08,https://www.mapillary.com/app/?pKey=1732807110701346&focus=photo,
newt-00319,42.3238293,-71.247608,True,wood_utility,double;lean;vegetation,,severe,none_visible,touching,False,1,3,1,2025-08,2025-08,https://www.mapillary.com/app/?pKey=770211009039330&focus=photo,
newt-00320,42.323814,-71.24813,True,wood_utility,vegetation,,none,none_visible,touching,False,0,2,1,2025-08,2025-08,https://www.mapillary.com/app/?pKey=622126867375827&focus=photo,
newt-00321,42.324,-71.24822,True,wood_utility,vegetation,,none,unclear,touching,False,0,2,1,2025-08,2025-08,https://www.mapillary.com/app/?pKey=2644624339210399&focus=photo,
newt-00322,42.323666,-71.247,True,wood_utility,vegetation,lean_slight,slight,none_visible,touching,False,2,2,1,2025-08,2025-08,https://www.mapillary.com/app/?pKey=1314763900173174&focus=photo,
newt-00323,42.32355,-71.24704,False,other,,,unclear,none_visible,unclear,False,0,1,1,2025-08,2025-08,https://www.mapillary.com/app/?pKey=1132088952351692&focus=photo,
newt-00324,42.3237127,-71.2473033,True,wood_utility,vegetation,,none,none_visible,touching,False,1,3,1,2025-08,2025-08,https://www.mapillary.com/app/?pKey=1429637018105537&focus=photo,
newt-00325,42.32376,-71.24753,True,wood_utility,vegetation,,none,none_visible,touching,False,1,1,1,2025-08,2025-08,https://www.mapillary.com/app/?pKey=699294816458925&focus=photo,
newt-00326,42.327686,-71.24707,True,wood_utility,,lean_slight,slight,none_visible,near,False,1,2,1,2025-08,2025-08,https://www.mapillary.com/app/?pKey=631760062970509&focus=photo,
newt-00327,42.328037,-71.24732,True,wood_utility,lean,,moderate,none_visible,near,False,1,1,1,2025-08,2025-08,https://www.mapillary.com/app/?pKey=1349127996735594&focus=photo,
newt-00328,42.328487,-71.24782,True,wood_utility,vegetation,,none,none_visible,touching,False,0,1,1,2025-08,2025-08,https://www.mapillary.com/app/?pKey=1197904408764524&focus=photo,
newt-00329,42.328545,-71.247955,True,wood_utility,vegetation,,unclear,none_visible,touching,False,0,1,1,2025-08,2025-08,https://www.mapillary.com/app/?pKey=764525599770052&focus=photo,
newt-00330,42.32794,-71.247246,True,wood_utility,,lean_slight,slight,none_visible,near,False,1,2,1,2025-08,2025-08,https://www.mapillary.com/app/?pKey=618278531105596&focus=photo,
newt-00331,42.327847,-71.24719,True,wood_utility,,lean_slight,slight,none_visible,near,False,1,2,1,2025-08,2025-08,https://www.mapillary.com/app/?pKey=1225902526218423&focus=photo,
newt-00332,42.326866,-71.24665,True,wood_utility,vegetation,,none,none_visible,touching,False,1,2,1,2025-08,2025-08,https://www.mapillary.com/app/?pKey=738862968971852&focus=photo,
newt-00333,42.32704,-71.246735,True,wood_utility,,,none,none_visible,near,False,1,2,1,2025-08,2025-08,https://www.mapillary.com/app/?pKey=1890519411491398&focus=photo,
newt-00334,42.327175,-71.2468,True,wood_utility,,,none,none_visible,near,False,1,1,1,2025-08,2025-08,https://www.mapillary.com/app/?pKey=1838005636790397&focus=photo,
newt-00335,42.326748,-71.24655,True,wood_utility,vegetation,,none,none_visible,touching,False,1,2,1,2025-08,2025-08,https://www.mapillary.com/app/?pKey=1450436136279724&focus=photo,
newt-00336,42.32655,-71.246506,True,wood_utility,vegetation,,none,none_visible,touching,False,1,2,1,2025-08,2025-08,https://www.mapillary.com/app/?pKey=1112744894127728&focus=photo,
newt-00337,42.328346,-71.2525,True,wood_utility,vegetation,,none,intact,touching,False,0,2,1,2024-04,2024-04,https://www.mapillary.com/app/?pKey=328504859942457&focus=photo,
newt-00338,42.32277,-71.2461,True,wood_utility,lean;vegetation,,moderate,none_visible,touching,False,1,2,1,2025-08,2025-08,https://www.mapillary.com/app/?pKey=626482970230182&focus=photo,
newt-00339,42.32298,-71.24633,True,wood_utility,,,none,none_visible,near,False,0,2,1,2025-08,2025-08,https://www.mapillary.com/app/?pKey=771810932215259&focus=photo,
newt-00340,42.321768,-71.2461733,True,wood_utility,vegetation,,unclear,none_visible,touching,False,0,3,1,2025-08,2025-08,https://www.mapillary.com/app/?pKey=1783739348927554&focus=photo,
newt-00341,42.322267,-71.247268,True,wood_utility,vegetation,,none,none_visible,touching,False,0,4,1,2025-08,2025-08,https://www.mapillary.com/app/?pKey=625067197044313&focus=photo,
newt-00342,42.322456,-71.246895,True,wood_utility,vegetation,,none,none_visible,touching,False,0,2,1,2025-08,2025-08,https://www.mapillary.com/app/?pKey=1447118513122950&focus=photo,
newt-00343,42.322044,-71.247,True,wood_utility,vegetation,lean_slight,slight,none_visible,touching,False,1,2,1,2025-08,2025-08,https://www.mapillary.com/app/?pKey=766100982733381&focus=photo,
newt-00344,42.321968,-71.24439,True,wood_utility,vegetation,,none,none_visible,touching,False,2,1,1,2025-08,2025-08,https://www.mapillary.com/app/?pKey=2484965535223019&focus=photo,
newt-00345,42.32178,-71.24589,False,unclear,vegetation,,unclear,unclear,touching,False,0,2,1,2025-08,2025-08,https://www.mapillary.com/app/?pKey=1466966627873500&focus=photo,
newt-00346,42.3218214,-71.2456148,True,wood_utility,vegetation,,unclear,none_visible,touching,False,0,5,2,2025-08,2025-08,https://www.mapillary.com/app/?pKey=1487770698896365&focus=photo,
newt-00347,42.322033,-71.24505,True,wood_utility,vegetation,lean_slight,slight,none_visible,touching,False,2,1,1,2025-08,2025-08,https://www.mapillary.com/app/?pKey=756610360512883&focus=photo,
newt-00348,42.3219667,-71.24366,True,wood_utility,vegetation,,unclear,intact,touching,False,2,3,1,2025-08,2025-08,https://www.mapillary.com/app/?pKey=24096300500041806&focus=photo,
newt-00349,42.32179,-71.246085,True,wood_utility,lean,,moderate,none_visible,near,False,1,4,2,2025-04,2025-08,https://www.mapillary.com/app/?pKey=569710052903070&focus=photo,
newt-00350,42.325356,-71.257835,True,wood_utility,,,none,none_visible,near,False,2,2,1,2025-04,2025-04,https://www.mapillary.com/app/?pKey=992857083036985&focus=photo,
newt-00351,42.32533,-71.25757,True,wood_utility,,lean_slight,slight,none_visible,near,False,2,2,1,2025-03,2025-03,https://www.mapillary.com/app/?pKey=960902719563576&focus=photo,
newt-00352,42.328907,-71.24407,True,wood_utility,,,none,none_visible,near,False,2,2,1,2025-05,2025-05,https://www.mapillary.com/app/?pKey=4095853024075728&focus=photo,
newt-00353,42.324234,-71.24502,True,wood_utility,vegetation,lean_slight,slight,none_visible,touching,False,1,1,1,2025-08,2025-08,https://www.mapillary.com/app/?pKey=4110228212564521&focus=photo,
newt-00354,42.3247945,-71.2449975,True,wood_utility,vegetation,,unclear,unclear,touching,False,0,4,1,2025-08,2025-08,https://www.mapillary.com/app/?pKey=781569547592094&focus=photo,
newt-00355,42.325073,-71.24489,True,wood_utility,vegetation,,unclear,unclear,touching,False,0,2,1,2025-08,2025-08,https://www.mapillary.com/app/?pKey=3037114209796679&focus=photo,
newt-00356,42.32447,-71.24503,True,wood_utility,,lean_slight,slight,none_visible,near,False,1,2,1,2025-08,2025-08,https://www.mapillary.com/app/?pKey=1557307101908854&focus=photo,
newt-00357,42.324566,-71.245,False,unclear,,,unclear,none_visible,unclear,False,0,3,1,2025-08,2025-08,https://www.mapillary.com/app/?pKey=2151698302009248&focus=photo,
newt-00358,42.324192,-71.24517,True,wood_utility,,,none,none_visible,near,False,1,2,1,2025-08,2025-08,https://www.mapillary.com/app/?pKey=1163316925742857&focus=photo,
newt-00359,42.32504,-71.24504,True,wood_utility,vegetation,,unclear,unclear,touching,False,1,2,1,2025-08,2025-08,https://www.mapillary.com/app/?pKey=3140509259444106&focus=photo,
newt-00360,42.324326,-71.24509,True,wood_utility,vegetation,,none,none_visible,touching,False,1,1,1,2025-08,2025-08,https://www.mapillary.com/app/?pKey=782898954108303&focus=photo,
newt-00361,42.326603,-71.25207,True,wood_utility,,,none,none_visible,none,False,0,2,1,2025-10,2025-10,https://www.mapillary.com/app/?pKey=1311814093749521&focus=photo,
newt-00362,42.326508,-71.25173,True,wood_utility,,lean_slight,slight,none_visible,none,False,0,2,1,2025-10,2025-10,https://www.mapillary.com/app/?pKey=1319089232405925&focus=photo,
newt-00363,42.326134,-71.25098,True,wood_utility,lean;vegetation,,moderate,none_visible,touching,False,0,2,1,2025-10,2025-10,https://www.mapillary.com/app/?pKey=829087423016388&focus=photo,
newt-00364,42.32599,-71.250656,True,wood_utility,,,none,none_visible,near,False,0,2,1,2025-10,2025-10,https://www.mapillary.com/app/?pKey=810883171357068&focus=photo,
newt-00365,42.330402,-71.253426,False,unclear,,,unclear,unclear,unclear,False,0,2,1,2026-07,2026-07,https://www.mapillary.com/app/?pKey=1872061090868894&focus=photo,
newt-00366,42.327415,-71.24941,True,wood_utility,,,none,none_visible,near,False,1,2,1,2025-08,2025-08,https://www.mapillary.com/app/?pKey=2281874738916424&focus=photo,
newt-00367,42.327347,-71.24884,True,wood_utility,,lean_slight,slight,none_visible,near,False,1,2,1,2025-08,2025-08,https://www.mapillary.com/app/?pKey=1201759515311824&focus=photo,
newt-00368,42.327156,-71.24975,True,wood_utility,,,none,none_visible,near,False,1,2,1,2025-08,2025-08,https://www.mapillary.com/app/?pKey=1319939566533474&focus=photo,
newt-00369,42.32736,-71.24914,True,wood_utility,,,none,none_visible,near,False,1,2,1,2025-08,2025-08,https://www.mapillary.com/app/?pKey=1318485969933636&focus=photo,
newt-00370,42.327377,-71.24952,True,wood_utility,,lean_slight,slight,none_visible,near,False,2,2,1,2025-08,2025-08,https://www.mapillary.com/app/?pKey=657591737370661&focus=photo,
newt-00371,42.327404,-71.24925,False,unclear,vegetation,,unclear,none_visible,touching,False,0,1,1,2025-08,2025-08,https://www.mapillary.com/app/?pKey=786276947244175&focus=photo,
newt-00372,42.32784,-71.2518,True,wood_utility,,,none,none_visible,near,False,0,1,1,2024-03,2024-03,https://www.mapillary.com/app/?pKey=293061550476792&focus=photo,
newt-00373,42.32763,-71.2516,True,wood_utility,vegetation,lean_slight,slight,intact,touching,False,1,1,1,2024-03,2024-03,https://www.mapillary.com/app/?pKey=291914833937945&focus=photo,
newt-00374,42.3268877,-71.2538797,True,wood_utility,,,none,intact,near,False,1,6,3,2026-02,2026-02,https://www.mapillary.com/app/?pKey=1982967665588583&focus=photo,
newt-00375,42.332626,-71.254944,True,wood_utility,,,none,none_visible,near,False,1,2,1,2024-03,2024-03,https://www.mapillary.com/app/?pKey=791479848981504&focus=photo,
newt-00376,42.325649,-71.256645,True,wood_utility,,lean_slight,slight,intact,near,False,2,4,2,2025-03,2025-04,https://www.mapillary.com/app/?pKey=1220098392874249&focus=photo,
newt-00377,42.325768,-71.256275,True,wood_utility,,,none,intact,near,False,2,4,2,2025-04,2025-04,https://www.mapillary.com/app/?pKey=1447412369938885&focus=photo,
newt-00378,42.3257029,-71.256504,True,wood_utility,lean,,moderate,intact,near,False,2,7,3,2025-04,2025-04,https://www.mapillary.com/app/?pKey=637500125930310&focus=photo,
newt-00379,42.32832,-71.25232,True,wood_utility,,,unclear,unclear,unclear,False,1,1,1,2024-03,2024-03,https://www.mapillary.com/app/?pKey=402794545728891&focus=photo,
newt-00380,42.330936,-71.255806,True,wood_utility,vegetation,,unclear,unclear,touching,False,0,2,1,2026-06,2026-06,https://www.mapillary.com/app/?pKey=1510930770681519&focus=photo,
newt-00381,42.324929,-71.248215,True,wood_utility,double;vegetation,,none,none_visible,touching,False,1,5,1,2025-08,2025-08,https://www.mapillary.com/app/?pKey=1281979247051263&focus=photo,
newt-00382,42.325253,-71.24813,True,wood_utility,vegetation,lean_slight,slight,none_visible,touching,False,0,2,1,2025-08,2025-08,https://www.mapillary.com/app/?pKey=24284083327925842&focus=photo,
newt-00383,42.325439,-71.248205,True,wood_utility,vegetation,,none,none_visible,touching,False,1,4,1,2025-08,2025-08,https://www.mapillary.com/app/?pKey=1078372587842984&focus=photo,
newt-00384,42.324745,-71.24855,True,wood_utility,,lean_slight,slight,none_visible,near,False,1,2,1,2025-08,2025-08,https://www.mapillary.com/app/?pKey=24390658747259304&focus=photo,
newt-00385,42.32516,-71.248146,False,unclear,vegetation,,unclear,none_visible,touching,False,0,2,1,2025-08,2025-08,https://www.mapillary.com/app/?pKey=24371363632557671&focus=photo,
newt-00386,42.324837,-71.248405,True,wood_utility,vegetation,,unclear,unclear,touching,False,0,2,1,2025-08,2025-08,https://www.mapillary.com/app/?pKey=24518773171110810&focus=photo,
newt-00387,42.32488,-71.248856,True,wood_utility,,,none,none_visible,near,True,1,2,1,2025-08,2025-08,https://www.mapillary.com/app/?pKey=1434316551120724&focus=photo,
newt-00388,42.32593,-71.24842,True,wood_utility,,,none,none_visible,near,True,1,2,1,2025-08,2025-08,https://www.mapillary.com/app/?pKey=1460143268561621&focus=photo,
newt-00389,42.326669,-71.2541887,True,wood_utility,,,none,intact,near,False,1,6,2,2025-04,2025-04,https://www.mapillary.com/app/?pKey=509270728922986&focus=photo,
newt-00390,42.3261976,-71.2548003,True,wood_utility,,,none,none_visible,none,True,1,7,4,2025-04,2025-04,https://www.mapillary.com/app/?pKey=1832985823905712&focus=photo,
newt-00391,42.326324,-71.25454,True,wood_utility,,,none,intact,near,False,2,2,1,2025-03,2025-03,https://www.mapillary.com/app/?pKey=657888436613499&focus=photo,
newt-00392,42.3323,-71.256102,True,wood_utility,,,none,none_visible,near,False,2,4,1,2025-04,2025-04,https://www.mapillary.com/app/?pKey=693363589931077&focus=photo,
newt-00393,42.33248,-71.25576,True,wood_utility,,lean_slight,slight,none_visible,none,False,1,4,1,2025-04,2025-04,https://www.mapillary.com/app/?pKey=718808397158130&focus=photo,
newt-00394,42.3322335,-71.25625,True,wood_utility,vegetation,,none,unclear,touching,False,1,4,1,2025-04,2025-04,https://www.mapillary.com/app/?pKey=654946313813007&focus=photo,
newt-00395,42.332603,-71.255394,True,wood_utility,,lean_slight,slight,intact,near,False,2,1,1,2025-04,2025-04,https://www.mapillary.com/app/?pKey=1873340410084782&focus=photo,
newt-00396,42.332422,-71.25589,True,wood_utility,,lean_slight,slight,intact,near,False,0,4,1,2025-04,2025-04,https://www.mapillary.com/app/?pKey=1221685439578705&focus=photo,
newt-00397,42.332344,-71.256004,True,wood_utility,,,none,intact,near,False,1,2,1,2025-04,2025-04,https://www.mapillary.com/app/?pKey=1088553166367695&focus=photo,
newt-00398,42.332996,-71.254684,True,wood_utility,,lean_slight,slight,none_visible,near,False,1,2,1,2025-04,2025-04,https://www.mapillary.com/app/?pKey=993931306208889&focus=photo,
newt-00399,42.3306275,-71.248015,True,wood_utility,,,none,none_visible,near,False,1,4,1,2025-04,2025-04,https://www.mapillary.com/app/?pKey=2593858470960295&focus=photo,
newt-00400,42.330422,-71.2482025,True,wood_utility,,,none,intact,near,False,0,4,2,2025-04,2025-04,https://www.mapillary.com/app/?pKey=1022960569237706&focus=photo,
newt-00401,42.3303303,-71.2482933,True,wood_utility,,,none,intact,near,False,1,6,3,2025-07,2025-07,https://www.mapillary.com/app/?pKey=1055048760169209&focus=photo,
newt-00402,42.330677,-71.24807,True,wood_utility,,,none,intact,near,True,2,1,1,2025-04,2025-04,https://www.mapillary.com/app/?pKey=3671416566336535&focus=photo,
newt-00403,42.321987,-71.24454,True,wood_utility,,,none,none_visible,none,False,1,2,1,2025-04,2025-04,https://www.mapillary.com/app/?pKey=690518880233718&focus=photo,
newt-00404,42.32198,-71.24485,True,wood_utility,,,none,none_visible,near,False,1,2,1,2025-04,2025-04,https://www.mapillary.com/app/?pKey=1398585531173260&focus=photo,
newt-00405,42.3219433,-71.2452517,True,wood_utility,vegetation,lean_slight,slight,none_visible,touching,False,1,3,1,2025-04,2025-04,https://www.mapillary.com/app/?pKey=1347184219719254&focus=photo,
newt-00406,42.322094,-71.24515,True,concrete_or_steel_utility,,,none,none_visible,near,False,2,1,1,2025-04,2025-04,https://www.mapillary.com/app/?pKey=677702537995298&focus=photo,
newt-00407,42.321938,-71.24681,True,wood_utility,,lean_slight,slight,none_visible,near,False,1,2,1,2025-04,2025-04,https://www.mapillary.com/app/?pKey=976323708040335&focus=photo,
newt-00408,42.327207,-71.2533267,True,wood_utility,,,none,none_visible,near,False,2,6,2,2025-04,2025-04,https://www.mapillary.com/app/?pKey=535379172634633&focus=photo,
newt-00409,42.32736,-71.25356,True,wood_utility,,lean_slight,slight,none_visible,none,False,0,2,1,2025-03,2025-03,https://www.mapillary.com/app/?pKey=669602768876353&focus=photo,
newt-00410,42.326839,-71.25396,True,wood_utility,,,none,none_visible,near,False,1,4,2,2025-04,2025-04,https://www.mapillary.com/app/?pKey=661479336476958&focus=photo,
newt-00411,42.325287,-71.25813,True,wood_utility,,lean_slight,slight,none_visible,near,False,2,1,1,2025-03,2025-03,https://www.mapillary.com/app/?pKey=1376929586663921&focus=photo,
newt-00412,42.32656,-71.2542575,True,wood_utility,,lean_slight,slight,intact,near,False,2,4,2,2025-04,2025-04,https://www.mapillary.com/app/?pKey=1190606509166772&focus=photo,
newt-00413,42.325867,-71.25591,True,wood_utility,,lean_slight,slight,unclear,near,False,2,2,1,2025-03,2025-03,https://www.mapillary.com/app/?pKey=639467769041208&focus=photo,
newt-00414,42.3259051,-71.255842,True,wood_utility,double,lean_slight,slight,intact,near,False,2,7,3,2025-04,2025-04,https://www.mapillary.com/app/?pKey=647089908176681&focus=photo,
newt-00415,42.3257585,-71.256365,True,wood_utility,,,none,intact,near,False,2,4,1,2025-04,2025-04,https://www.mapillary.com/app/?pKey=3593020187497417&focus=photo,
newt-00416,42.325632,-71.256737,True,wood_utility,,,none,none_visible,near,False,2,4,1,2025-04,2025-04,https://www.mapillary.com/app/?pKey=1114710153744431&focus=photo,
newt-00417,42.325573,-71.25669,True,wood_utility,,,none,intact,none,True,2,2,1,2025-04,2025-04,https://www.mapillary.com/app/?pKey=686073363987234&focus=photo,
newt-00418,42.326442,-71.25452,True,wood_utility,double,,none,none_visible,near,False,1,4,1,2025-04,2025-04,https://www.mapillary.com/app/?pKey=4084060555210696&focus=photo,
newt-00419,42.3258014,-71.2562104,True,wood_utility,,,none,intact,near,False,2,5,2,2025-04,2025-04,https://www.mapillary.com/app/?pKey=667271506034793&focus=photo,
newt-00420,42.3258943,-71.2556567,True,wood_utility,,,none,intact,near,False,1,6,3,2025-04,2025-04,https://www.mapillary.com/app/?pKey=1419916352712971&focus=photo,
newt-00421,42.326102,-71.255278,True,wood_utility,,,none,intact,near,True,2,5,1,2025-04,2025-04,https://www.mapillary.com/app/?pKey=533094029490932&focus=photo,
newt-00422,42.3260445,-71.25547,True,wood_utility,,,none,intact,none,False,2,4,1,2025-04,2025-04,https://www.mapillary.com/app/?pKey=542569888879548&focus=photo,
newt-00423,42.3260587,-71.25504,True,wood_utility,,,none,none_visible,none,True,2,3,1,2025-04,2025-04,https://www.mapillary.com/app/?pKey=1056330353196850&focus=photo,
newt-00424,42.325912,-71.25575,True,wood_utility,,,none,intact,none,False,2,2,1,2025-04,2025-04,https://www.mapillary.com/app/?pKey=1866499140768003&focus=photo,
newt-00425,42.32581,-71.256118,True,wood_utility,,,none,intact,near,False,1,4,2,2025-04,2025-04,https://www.mapillary.com/app/?pKey=667271506034793&focus=photo,
newt-00426,42.326115,-71.255105,True,wood_utility,,lean_slight,slight,none_visible,none,True,2,4,2,2025-04,2025-04,https://www.mapillary.com/app/?pKey=2035618596946690&focus=photo,
newt-00427,42.329853,-71.248634,True,wood_utility,,lean_slight,slight,none_visible,near,False,2,2,1,2025-04,2025-04,https://www.mapillary.com/app/?pKey=3070046139800543&focus=photo,
newt-00428,42.329918,-71.249016,False,street_light,,,none,none_visible,near,False,0,2,1,2025-04,2025-04,https://www.mapillary.com/app/?pKey=957103403244783&focus=photo,
newt-00429,42.326776,-71.254005,True,wood_utility,,,none,intact,near,False,1,4,2,2025-04,2025-04,https://www.mapillary.com/app/?pKey=1319674485957530&focus=photo,
newt-00430,42.3275827,-71.253105,True,wood_utility,,lean_slight,slight,none_visible,near,False,0,3,2,2025-04,2025-04,https://www.mapillary.com/app/?pKey=3347319328743158&focus=photo,
newt-00431,42.32926,-71.250275,True,wood_utility,,,none,none_visible,none,False,1,2,1,2025-04,2025-04,https://www.mapillary.com/app/?pKey=1211271984332115&focus=photo,
newt-00432,42.329468,-71.25748,True,wood_utility,,,none,none_visible,near,True,1,2,1,2025-04,2025-04,https://www.mapillary.com/app/?pKey=1856643578524565&focus=photo,
newt-00433,42.329437,-71.2572,True,wood_utility,,,none,none_visible,near,False,2,1,1,2025-04,2025-04,https://www.mapillary.com/app/?pKey=1193401138655004&focus=photo,
newt-00434,42.329407,-71.25651,True,wood_utility,,,none,none_visible,none,False,2,2,1,2025-04,2025-04,https://www.mapillary.com/app/?pKey=996050026067281&focus=photo,
newt-00435,42.332115,-71.25909,True,wood_utility,,,none,none_visible,near,False,2,2,1,2025-10,2025-10,https://www.mapillary.com/app/?pKey=1387344409644827&focus=photo,
newt-00436,42.3318,-71.2592,True,wood_utility,lean,,moderate,none_visible,near,False,2,1,1,2025-10,2025-10,https://www.mapillary.com/app/?pKey=2009826723101186&focus=photo,
newt-00437,42.329597,-71.24977,True,wood_utility,vegetation,,none,none_visible,touching,False,1,2,1,2025-04,2025-04,https://www.mapillary.com/app/?pKey=24376616355261110&focus=photo,
newt-00438,42.32744,-71.252884,True,wood_utility,,lean_slight,slight,intact,near,False,2,2,1,2025-05,2025-05,https://www.mapillary.com/app/?pKey=1219428226566893&focus=photo,
newt-00439,42.328156,-71.25234,True,wood_utility,,,none,intact,none,False,0,2,1,2025-04,2025-04,https://www.mapillary.com/app/?pKey=1952127402275062&focus=photo,
newt-00440,42.325993,-71.255516,True,wood_utility,,,none,intact,none,False,2,2,1,2025-04,2025-04,https://www.mapillary.com/app/?pKey=564130492834948&focus=photo,
newt-00441,42.3242517,-71.2478817,True,wood_utility,,lean_slight,slight,none_visible,none,False,1,3,1,2025-04,2025-04,https://www.mapillary.com/app/?pKey=559779466744983&focus=photo,
newt-00442,42.324203,-71.24774,True,wood_utility,,lean_slight,slight,none_visible,near,False,1,4,1,2025-04,2025-04,https://www.mapillary.com/app/?pKey=1202364598232944&focus=photo,
newt-00443,42.323605,-71.24653,True,wood_utility,vegetation,,none,none_visible,touching,False,1,1,1,2025-04,2025-04,https://www.mapillary.com/app/?pKey=674939564935596&focus=photo,
newt-00444,42.323616,-71.246635,True,wood_utility,,lean_slight,slight,none_visible,near,True,1,1,1,2025-04,2025-04,https://www.mapillary.com/app/?pKey=1463300838431370&focus=photo,
newt-00445,42.32392,-71.24721,True,wood_utility,,,none,none_visible,near,True,1,1,1,2025-04,2025-04,https://www.mapillary.com/app/?pKey=655437220429827&focus=photo,
newt-00446,42.32383,-71.24702,True,wood_utility,,lean_slight,slight,none_visible,near,True,1,1,1,2025-04,2025-04,https://www.mapillary.com/app/?pKey=1412980023376499&focus=photo,
newt-00447,42.322983,-71.24596,True,wood_utility,,,none,none_visible,near,False,1,2,1,2025-04,2025-04,https://www.mapillary.com/app/?pKey=553942660641369&focus=photo,
newt-00448,42.32335,-71.2463,True,wood_utility,,lean_slight,slight,none_visible,none,False,0,2,1,2025-04,2025-04,https://www.mapillary.com/app/?pKey=8918998071535399&focus=photo,
newt-00449,42.323166,-71.24613,True,wood_utility,vegetation,lean_slight,slight,none_visible,touching,False,1,2,1,2025-04,2025-04,https://www.mapillary.com/app/?pKey=1015760550027346&focus=photo,
newt-00450,42.32345,-71.24632,True,wood_utility,,,none,intact,near,False,1,2,1,2025-04,2025-04,https://www.mapillary.com/app/?pKey=992627446338933&focus=photo,
newt-00451,42.323277,-71.24622,True,wood_utility,,lean_slight,slight,none_visible,none,False,0,2,1,2025-04,2025-04,https://www.mapillary.com/app/?pKey=681033324448754&focus=photo,
newt-00452,42.322784,-71.245705,False,street_light,vegetation,,none,none_visible,touching,False,0,2,1,2025-04,2025-04,https://www.mapillary.com/app/?pKey=1807407906499480&focus=photo,
newt-00453,42.322895,-71.24584,True,wood_utility,,,none,none_visible,near,False,1,2,1,2025-04,2025-04,https://www.mapillary.com/app/?pKey=640758418766187&focus=photo,
newt-00454,42.32306,-71.24604,True,wood_utility,,lean_slight,slight,none_visible,near,False,0,2,1,2025-04,2025-04,https://www.mapillary.com/app/?pKey=524959314018494&focus=photo,
newt-00455,42.32736,-71.2531,True,wood_utility,,lean_slight,slight,intact,near,False,2,2,1,2025-04,2025-04,https://www.mapillary.com/app/?pKey=561079650365592&focus=photo,
newt-00456,42.32882,-71.25115,True,wood_utility,,lean_slight,slight,intact,near,False,0,1,1,2025-04,2025-04,https://www.mapillary.com/app/?pKey=1702954067285820&focus=photo,
newt-00457,42.326206,-71.24409,True,wood_utility,vegetation,lean_slight,slight,unclear,touching,False,0,1,1,2025-08,2025-08,https://www.mapillary.com/app/?pKey=1788896245053977&focus=photo,
newt-00458,42.32488,-71.244896,True,wood_utility,vegetation,,unclear,unclear,touching,False,1,1,1,2025-08,2025-08,https://www.mapillary.com/app/?pKey=775194828493194&focus=photo,
newt-00459,42.325874,-71.24421,True,wood_utility,vegetation,,none,none_visible,touching,False,2,2,1,2025-08,2025-08,https://www.mapillary.com/app/?pKey=1300148654858347&focus=photo,
newt-00460,42.32562,-71.244576,True,wood_utility,vegetation,,none,none_visible,touching,False,1,2,1,2025-08,2025-08,https://www.mapillary.com/app/?pKey=790688593321168&focus=photo,
newt-00461,42.32551,-71.24438,True,wood_utility,vegetation,lean_slight,slight,none_visible,touching,False,1,3,1,2025-08,2025-08,https://www.mapillary.com/app/?pKey=622192874298161&focus=photo,
newt-00462,42.325302,-71.2447,True,wood_utility,vegetation,lean_slight,slight,none_visible,touching,False,0,2,1,2025-08,2025-08,https://www.mapillary.com/app/?pKey=750330184586202&focus=photo,
newt-00463,42.3262935,-71.2442225,True,wood_utility,vegetation,,unclear,unclear,touching,False,0,4,1,2025-08,2025-08,https://www.mapillary.com/app/?pKey=1931915944251900&focus=photo,
newt-00464,42.32608,-71.24403,False,unclear,,,unclear,unclear,unclear,False,0,2,1,2025-08,2025-08,https://www.mapillary.com/app/?pKey=1307585110744156&focus=photo,
newt-00465,42.3260265,-71.244195,True,wood_utility,vegetation,lean_slight,slight,none_visible,touching,False,0,4,1,2025-08,2025-08,https://www.mapillary.com/app/?pKey=1804109466851376&focus=photo,
newt-00466,42.322982,-71.2479517,True,wood_utility,vegetation,lean_slight,slight,none_visible,touching,False,1,6,1,2025-04,2025-04,https://www.mapillary.com/app/?pKey=2905404212972001&focus=photo,
newt-00467,42.322883,-71.247997,True,wood_utility,,,none,none_visible,near,False,0,2,1,2025-04,2025-04,https://www.mapillary.com/app/?pKey=523535210615487&focus=photo,
newt-00468,42.322773,-71.24838,True,wood_utility,,,unclear,unclear,near,False,0,2,1,2025-04,2025-04,https://www.mapillary.com/app/?pKey=1697536470864797&focus=photo,
newt-00469,42.322845,-71.248372,True,wood_utility,,,none,none_visible,near,False,0,4,1,2025-04,2025-04,https://www.mapillary.com/app/?pKey=981477180703638&focus=photo,
newt-00470,42.3229403,-71.2480753,True,wood_utility,vegetation,lean_slight,slight,none_visible,touching,False,1,6,1,2025-04,2025-04,https://www.mapillary.com/app/?pKey=523535210615487&focus=photo,
newt-00471,42.322952,-71.24769,True,concrete_or_steel_utility,,,none,none_visible,near,False,0,2,1,2025-04,2025-04,https://www.mapillary.com/app/?pKey=640706128859855&focus=photo,
newt-00472,42.3229315,-71.2478845,True,wood_utility,,,none,none_visible,near,False,0,4,1,2025-04,2025-04,https://www.mapillary.com/app/?pKey=1103180894901730&focus=photo,
newt-00473,42.3228927,-71.24825,True,wood_utility,,lean_slight,slight,none_visible,near,False,0,3,1,2025-04,2025-04,https://www.mapillary.com/app/?pKey=1590076431682011&focus=photo,
newt-00474,42.322838,-71.24816,True,wood_utility,vegetation,lean_slight,slight,none_visible,touching,False,0,1,1,2025-04,2025-04,https://www.mapillary.com/app/?pKey=2748710708656541&focus=photo,
newt-00475,42.333252,-71.25515,True,wood_utility,vegetation,,unclear,unclear,touching,False,0,1,1,2024-03,2024-03,https://www.mapillary.com/app/?pKey=391825133797070&focus=photo,
newt-00476,42.331075,-71.25557,True,wood_utility,,,none,intact,near,False,1,4,1,2024-04,2024-04,https://www.mapillary.com/app/?pKey=972243787944636&focus=photo,
newt-00477,42.33102,-71.25565,True,wood_utility,vegetation,,none,intact,touching,False,1,1,1,2024-04,2024-04,https://www.mapillary.com/app/?pKey=2371314623066233&focus=photo,
newt-00478,42.332428,-71.25442,True,concrete_or_steel_utility,,,unclear,none_visible,none,False,0,2,1,2024-04,2024-04,https://www.mapillary.com/app/?pKey=417252784375762&focus=photo,
newt-00479,42.326744,-71.2439,True,wood_utility,vegetation,,none,unclear,touching,False,0,2,1,2025-08,2025-08,https://www.mapillary.com/app/?pKey=2590820184599172&focus=photo,
newt-00480,42.326828,-71.244,False,unclear,vegetation,,unclear,unclear,touching,False,0,2,1,2025-08,2025-08,https://www.mapillary.com/app/?pKey=1116964850342908&focus=photo,
newt-00481,42.325527,-71.25775,True,wood_utility,vegetation,,none,none_visible,touching,False,2,2,1,2025-07,2025-07,https://www.mapillary.com/app/?pKey=1677893549442392&focus=photo,
newt-00482,42.33236,-71.25998,True,wood_utility,vegetation,lean_slight,slight,none_visible,touching,False,1,2,1,2025-10,2025-10,https://www.mapillary.com/app/?pKey=793012770030795&focus=photo,
newt-00483,42.327553,-71.24545,True,wood_utility,vegetation,,none,none_visible,touching,False,0,2,1,2025-08,2025-08,https://www.mapillary.com/app/?pKey=794096966634234&focus=photo,
newt-00484,42.327404,-71.24535,True,wood_utility,vegetation,,unclear,unclear,touching,False,0,1,1,2025-08,2025-08,https://www.mapillary.com/app/?pKey=1302733894826351&focus=photo,
newt-00485,42.327847,-71.245476,True,wood_utility,vegetation,,none,none_visible,touching,False,0,2,1,2025-08,2025-08,https://www.mapillary.com/app/?pKey=2354053368330492&focus=photo,
newt-00486,42.32729,-71.24534,True,wood_utility,vegetation,,none,none_visible,touching,False,0,1,1,2025-08,2025-08,https://www.mapillary.com/app/?pKey=1341961430882512&focus=photo,
newt-00487,42.327711,-71.24562,True,wood_utility,vegetation,lean_slight,slight,none_visible,touching,False,0,4,1,2025-08,2025-08,https://www.mapillary.com/app/?pKey=1197321022432455&focus=photo,
newt-00488,42.3278275,-71.245687,True,wood_utility,double;vegetation,lean_slight,slight,none_visible,touching,False,0,4,1,2025-08,2025-08,https://www.mapillary.com/app/?pKey=1470097604189844&focus=photo,
newt-00489,42.327496,-71.24534,True,wood_utility,vegetation,,unclear,unclear,touching,False,0,1,1,2025-08,2025-08,https://www.mapillary.com/app/?pKey=794096966634234&focus=photo,
newt-00490,42.32866,-71.24702,True,wood_utility,vegetation,,none,none_visible,touching,False,1,2,1,2025-08,2025-08,https://www.mapillary.com/app/?pKey=23957800783899088&focus=photo,
newt-00491,42.32842,-71.246056,True,wood_utility,vegetation,lean_slight,slight,none_visible,touching,False,1,2,1,2025-08,2025-08,https://www.mapillary.com/app/?pKey=1810526073227500&focus=photo,
newt-00492,42.329277,-71.2484,True,wood_utility,,lean_slight,slight,none_visible,near,False,1,2,1,2025-08,2025-08,https://www.mapillary.com/app/?pKey=4139885739591441&focus=photo,
newt-00493,42.329205,-71.248276,True,wood_utility,vegetation,,none,none_visible,touching,False,1,2,1,2025-08,2025-08,https://www.mapillary.com/app/?pKey=1846667779262849&focus=photo,
newt-00494,42.329018,-71.24802,True,wood_utility,lean;vegetation,,moderate,none_visible,touching,False,1,2,1,2025-08,2025-08,https://www.mapillary.com/app/?pKey=764671382937551&focus=photo,
newt-00495,42.32937,-71.256836,True,wood_utility,vegetation,lean_slight,slight,none_visible,touching,False,1,2,1,2025-10,2025-10,https://www.mapillary.com/app/?pKey=1824856838907321&focus=photo,
newt-00496,42.329597,-71.257965,True,wood_utility,vegetation,,unclear,unclear,touching,False,1,1,1,2025-10,2025-10,https://www.mapillary.com/app/?pKey=814486727843249&focus=photo,
newt-00497,42.327354,-71.25865,True,wood_utility,,,unclear,unclear,near,False,2,2,1,2025-11,2025-11,https://www.mapillary.com/app/?pKey=1121634930131197&focus=photo,
newt-00498,42.327026,-71.25891,True,wood_utility,lean,,moderate,none_visible,near,False,1,2,1,2025-11,2025-11,https://www.mapillary.com/app/?pKey=1558404905338617&focus=photo,
newt-00499,42.3274183,-71.25321,True,wood_utility,,,none,none_visible,near,False,1,3,1,2025-04,2025-04,https://www.mapillary.com/app/?pKey=1677910506174668&focus=photo,
newt-00500,42.327675,-71.25269,True,wood_utility,,,none,intact,near,False,1,2,1,2025-04,2025-04,https://www.mapillary.com/app/?pKey=1081473880423126&focus=photo,
newt-00501,42.3279872,-71.2525224,True,wood_utility,,lean_slight,slight,none_visible,near,False,1,5,1,2025-04,2025-04,https://www.mapillary.com/app/?pKey=1361599348317231&focus=photo,
newt-00502,42.327274,-71.25323,True,wood_utility,,,none,intact,none,False,1,2,1,2025-04,2025-04,https://www.mapillary.com/app/?pKey=646396938149962&focus=photo,
newt-00503,42.327393,-71.253296,True,wood_utility,,,none,intact,none,False,1,2,1,2025-04,2025-04,https://www.mapillary.com/app/?pKey=533011602832756&focus=photo,
newt-00504,42.32783,-71.25257,True,wood_utility,,,none,none_visible,near,False,1,2,1,2025-04,2025-04,https://www.mapillary.com/app/?pKey=1721795662092127&focus=photo,
newt-00505,42.32737,-71.25265,True,wood_utility,,,none,none_visible,near,True,1,1,1,2025-04,2025-04,https://www.mapillary.com/app/?pKey=2166169397146853&focus=photo,
newt-00506,42.327614,-71.252884,True,wood_utility,,,none,none_visible,near,False,1,2,1,2025-04,2025-04,https://www.mapillary.com/app/?pKey=983565737305567&focus=photo,
newt-00507,42.328243,-71.25223,True,wood_utility,,lean_slight,slight,none_visible,near,False,0,2,1,2024-03,2024-03,https://www.mapillary.com/app/?pKey=1335026540525625&focus=photo,
newt-00508,42.3260175,-71.255362,True,wood_utility,,,none,none_visible,none,False,3,4,2,2025-04,2025-04,https://www.mapillary.com/app/?pKey=1354993439150601&focus=photo,
newt-00509,42.326305,-71.25466,True,wood_utility,,,none,none_visible,near,False,2,2,1,2025-03,2025-03,https://www.mapillary.com/app/?pKey=1189851779318751&focus=photo,
newt-00510,42.3261,-71.25518,True,wood_utility,,,none,intact,none,False,2,2,1,2025-03,2025-03,https://www.mapillary.com/app/?pKey=3575584849253216&focus=photo,
newt-00511,42.327812,-71.25191,True,wood_utility,,,none,intact,near,False,0,2,1,2024-04,2024-04,https://www.mapillary.com/app/?pKey=1115410033061680&focus=photo,
newt-00512,42.32775,-71.25163,True,wood_utility,,,none,intact,near,False,1,1,1,2024-04,2024-04,https://www.mapillary.com/app/?pKey=958967985840029&focus=photo,
newt-00513,42.32825,-71.25142,False,other,,,unclear,none_visible,near,False,0,1,1,2024-04,2024-04,https://www.mapillary.com/app/?pKey=1496998944577162&focus=photo,
newt-00514,42.328297,-71.25211,True,wood_utility,,,none,intact,near,False,1,2,1,2024-04,2024-04,https://www.mapillary.com/app/?pKey=2137314919957663&focus=photo,
newt-00515,42.325867,-71.25648,True,wood_utility,,,none,none_visible,near,False,3,2,1,2025-04,2025-04,https://www.mapillary.com/app/?pKey=990735099823269&focus=photo,
newt-00516,42.325462,-71.256996,True,wood_utility,,,none,none_visible,near,False,2,2,1,2025-04,2025-04,https://www.mapillary.com/app/?pKey=1006407480936158&focus=photo,
newt-00517,42.323227,-71.245575,True,wood_utility,,,none,none_visible,near,False,1,2,1,2025-04,2025-04,https://www.mapillary.com/app/?pKey=998404165729603&focus=photo,
newt-00518,42.322727,-71.24561,True,wood_utility,,,none,none_visible,near,False,1,2,1,2025-04,2025-04,https://www.mapillary.com/app/?pKey=692542630121621&focus=photo,
newt-00519,42.322357,-71.24552,True,concrete_or_steel_utility,,lean_slight,slight,none_visible,near,False,1,2,1,2025-04,2025-04,https://www.mapillary.com/app/?pKey=673542338393663&focus=photo,
newt-00520,42.3256817,-71.2578687,True,wood_utility,,lean_slight,slight,intact,near,True,2,3,1,2025-05,2025-05,https://www.mapillary.com/app/?pKey=1038744921167708&focus=photo,
newt-00521,42.325886,-71.25806,True,wood_utility,,,none,none_visible,near,False,2,2,1,2025-05,2025-05,https://www.mapillary.com/app/?pKey=2098492603960013&focus=photo,
newt-00522,42.324457,-71.243695,True,wood_utility,,,none,none_visible,near,False,2,4,1,2025-04,2025-04,https://www.mapillary.com/app/?pKey=3893600590956092&focus=photo,
newt-00523,42.324364,-71.24361,True,wood_utility,vegetation,,none,none_visible,touching,False,1,1,1,2025-04,2025-04,https://www.mapillary.com/app/?pKey=1206684027759094&focus=photo,
newt-00524,42.3243732,-71.2439092,True,wood_utility,,,none,none_visible,near,False,1,5,1,2025-04,2025-04,https://www.mapillary.com/app/?pKey=1229521398798646&focus=photo,
newt-00525,42.3241865,-71.2445145,True,wood_utility,,lean_slight,slight,intact,near,False,1,4,1,2025-04,2025-04,https://www.mapillary.com/app/?pKey=1085169660087742&focus=photo,
newt-00526,42.324085,-71.244675,True,wood_utility,,,unclear,unclear,near,False,0,1,1,2025-04,2025-04,https://www.mapillary.com/app/?pKey=1198810651924355&focus=photo,
newt-00527,42.32428,-71.24423,True,wood_utility,,,none,none_visible,none,False,0,2,1,2025-04,2025-04,https://www.mapillary.com/app/?pKey=663606263050282&focus=photo,
newt-00528,42.32426,-71.243935,True,wood_utility,,,none,none_visible,near,False,0,2,1,2025-04,2025-04,https://www.mapillary.com/app/?pKey=1376832430318337&focus=photo,
newt-00529,42.324146,-71.24461,True,wood_utility,,lean_slight,slight,intact,near,False,1,2,1,2025-04,2025-04,https://www.mapillary.com/app/?pKey=1255844196147210&focus=photo,
newt-00530,42.324224,-71.2443513,True,wood_utility,,lean_slight,slight,none_visible,near,False,1,3,1,2025-04,2025-04,https://www.mapillary.com/app/?pKey=1393029595459955&focus=photo,
newt-00531,42.32433,-71.24411,True,wood_utility,,,none,none_visible,none,False,0,2,1,2025-04,2025-04,https://www.mapillary.com/app/?pKey=1848842739226099&focus=photo,
newt-00532,42.3240637,-71.2448047,True,wood_utility,,lean_slight,slight,none_visible,near,False,1,3,1,2025-04,2025-04,https://www.mapillary.com/app/?pKey=1176203904229057&focus=photo,

"Imagery and detections © Mapillary contributors, CC BY-SA 4.0. Derived data ODbL. Basemap © OpenStreetMap contributors. OSM pole comparison © OpenStreetMap contributors, ODbL."
